2025-09-07 17:04:00.012  INFO 12992 --- [restartedMain] com.newdmsp.demo.DemoApplication         : Starting DemoApplication using Java 17.0.12 on DESKTOP-U0I2JQG with PID 12992 (E:\dmsp\Anewdemo\target\classes started by MR in E:\dmsp\Anewdemo)
2025-09-07 17:04:00.020  INFO 12992 --- [restartedMain] com.newdmsp.demo.DemoApplication         : The following 1 profile is active: "dev"
2025-09-07 17:04:00.064  INFO 12992 --- [restartedMain] .e.DevToolsPropertyDefaultsPostProcessor : Devtools property defaults active! Set 'spring.devtools.add-properties' to 'false' to disable
2025-09-07 17:04:00.064  INFO 12992 --- [restartedMain] .e.DevToolsPropertyDefaultsPostProcessor : For additional web related logging consider setting the 'logging.level.web' property to 'DEBUG'
2025-09-07 17:04:01.306  INFO 12992 --- [restartedMain] ptablePropertiesBeanFactoryPostProcessor : Post-processing PropertySource instances
2025-09-07 17:04:01.307  INFO 12992 --- [restartedMain] c.u.j.EncryptablePropertySourceConverter : Skipping PropertySource configurationProperties [class org.springframework.boot.context.properties.source.ConfigurationPropertySourcesPropertySource
2025-09-07 17:04:01.308  INFO 12992 --- [restartedMain] c.u.j.EncryptablePropertySourceConverter : Skipping PropertySource servletConfigInitParams [class org.springframework.core.env.PropertySource$StubPropertySource
2025-09-07 17:04:01.308  INFO 12992 --- [restartedMain] c.u.j.EncryptablePropertySourceConverter : Skipping PropertySource servletContextInitParams [class org.springframework.core.env.PropertySource$StubPropertySource
2025-09-07 17:04:01.308  INFO 12992 --- [restartedMain] c.u.j.EncryptablePropertySourceConverter : Converting PropertySource systemProperties [org.springframework.core.env.PropertiesPropertySource] to EncryptableMapPropertySourceWrapper
2025-09-07 17:04:01.309  INFO 12992 --- [restartedMain] c.u.j.EncryptablePropertySourceConverter : Converting PropertySource systemEnvironment [org.springframework.boot.env.SystemEnvironmentPropertySourceEnvironmentPostProcessor$OriginAwareSystemEnvironmentPropertySource] to EncryptableSystemEnvironmentPropertySourceWrapper
2025-09-07 17:04:01.309  INFO 12992 --- [restartedMain] c.u.j.EncryptablePropertySourceConverter : Converting PropertySource random [org.springframework.boot.env.RandomValuePropertySource] to EncryptablePropertySourceWrapper
2025-09-07 17:04:01.309  INFO 12992 --- [restartedMain] c.u.j.EncryptablePropertySourceConverter : Converting PropertySource Config resource 'class path resource [application-dev.yml]' via location 'optional:classpath:/' [org.springframework.boot.env.OriginTrackedMapPropertySource] to EncryptableMapPropertySourceWrapper
2025-09-07 17:04:01.309  INFO 12992 --- [restartedMain] c.u.j.EncryptablePropertySourceConverter : Converting PropertySource Config resource 'class path resource [application.yml]' via location 'optional:classpath:/' [org.springframework.boot.env.OriginTrackedMapPropertySource] to EncryptableMapPropertySourceWrapper
2025-09-07 17:04:01.309  INFO 12992 --- [restartedMain] c.u.j.EncryptablePropertySourceConverter : Converting PropertySource devtools [org.springframework.core.env.MapPropertySource] to EncryptableMapPropertySourceWrapper
2025-09-07 17:04:01.435  INFO 12992 --- [restartedMain] c.u.j.filter.DefaultLazyPropertyFilter   : Property Filter custom Bean not found with name 'encryptablePropertyFilter'. Initializing Default Property Filter
2025-09-07 17:04:01.441  INFO 12992 --- [restartedMain] c.u.j.r.DefaultLazyPropertyResolver      : Property Resolver custom Bean not found with name 'encryptablePropertyResolver'. Initializing Default Property Resolver
2025-09-07 17:04:01.442  INFO 12992 --- [restartedMain] c.u.j.d.DefaultLazyPropertyDetector      : Property Detector custom Bean not found with name 'encryptablePropertyDetector'. Initializing Default Property Detector
2025-09-07 17:04:01.619  INFO 12992 --- [restartedMain] o.s.b.w.embedded.tomcat.TomcatWebServer  : Tomcat initialized with port(s): 8001 (http)
2025-09-07 17:04:01.628  INFO 12992 --- [restartedMain] o.apache.catalina.core.StandardService   : Starting service [Tomcat]
2025-09-07 17:04:01.628  INFO 12992 --- [restartedMain] org.apache.catalina.core.StandardEngine  : Starting Servlet engine: [Apache Tomcat/9.0.63]
2025-09-07 17:04:01.687  INFO 12992 --- [restartedMain] o.a.c.c.C.[Tomcat].[localhost].[/]       : Initializing Spring embedded WebApplicationContext
2025-09-07 17:04:01.687  INFO 12992 --- [restartedMain] w.s.c.ServletWebServerApplicationContext : Root WebApplicationContext: initialization completed in 1622 ms
2025-09-07 17:04:01.785  INFO 12992 --- [restartedMain] c.u.j.encryptor.DefaultLazyEncryptor     : String Encryptor custom Bean not found with name 'jasyptStringEncryptor'. Initializing Default String Encryptor
2025-09-07 17:04:01.792  INFO 12992 --- [restartedMain] c.u.j.c.StringEncryptorBuilder           : Encryptor config not found for property jasypt.encryptor.key-obtention-iterations, using default value: 1000
2025-09-07 17:04:01.792  INFO 12992 --- [restartedMain] c.u.j.c.StringEncryptorBuilder           : Encryptor config not found for property jasypt.encryptor.pool-size, using default value: 1
2025-09-07 17:04:01.792  INFO 12992 --- [restartedMain] c.u.j.c.StringEncryptorBuilder           : Encryptor config not found for property jasypt.encryptor.provider-name, using default value: null
2025-09-07 17:04:01.792  INFO 12992 --- [restartedMain] c.u.j.c.StringEncryptorBuilder           : Encryptor config not found for property jasypt.encryptor.provider-class-name, using default value: null
2025-09-07 17:04:01.792  INFO 12992 --- [restartedMain] c.u.j.c.StringEncryptorBuilder           : Encryptor config not found for property jasypt.encryptor.salt-generator-classname, using default value: org.jasypt.salt.RandomSaltGenerator
2025-09-07 17:04:01.793  INFO 12992 --- [restartedMain] c.u.j.c.StringEncryptorBuilder           : Encryptor config not found for property jasypt.encryptor.iv-generator-classname, using default value: org.jasypt.iv.RandomIvGenerator
2025-09-07 17:04:01.795  INFO 12992 --- [restartedMain] c.u.j.c.StringEncryptorBuilder           : Encryptor config not found for property jasypt.encryptor.string-output-type, using default value: base64
2025-09-07 17:04:02.465  WARN 12992 --- [restartedMain] o.s.s.c.a.web.builders.WebSecurity       : You are asking Spring Security to ignore Ant [pattern='/static/**']. This is not recommended -- please use permitAll via HttpSecurity#authorizeHttpRequests instead.
2025-09-07 17:04:02.465  INFO 12992 --- [restartedMain] o.s.s.web.DefaultSecurityFilterChain     : Will not secure Ant [pattern='/static/**']
2025-09-07 17:04:02.465  WARN 12992 --- [restartedMain] o.s.s.c.a.web.builders.WebSecurity       : You are asking Spring Security to ignore Ant [pattern='/js/**']. This is not recommended -- please use permitAll via HttpSecurity#authorizeHttpRequests instead.
2025-09-07 17:04:02.466  INFO 12992 --- [restartedMain] o.s.s.web.DefaultSecurityFilterChain     : Will not secure Ant [pattern='/js/**']
2025-09-07 17:04:02.466  WARN 12992 --- [restartedMain] o.s.s.c.a.web.builders.WebSecurity       : You are asking Spring Security to ignore Ant [pattern='/images/**']. This is not recommended -- please use permitAll via HttpSecurity#authorizeHttpRequests instead.
2025-09-07 17:04:02.466  INFO 12992 --- [restartedMain] o.s.s.web.DefaultSecurityFilterChain     : Will not secure Ant [pattern='/images/**']
2025-09-07 17:04:02.466  WARN 12992 --- [restartedMain] o.s.s.c.a.web.builders.WebSecurity       : You are asking Spring Security to ignore Ant [pattern='/css/**']. This is not recommended -- please use permitAll via HttpSecurity#authorizeHttpRequests instead.
2025-09-07 17:04:02.466  INFO 12992 --- [restartedMain] o.s.s.web.DefaultSecurityFilterChain     : Will not secure Ant [pattern='/css/**']
2025-09-07 17:04:02.466  WARN 12992 --- [restartedMain] o.s.s.c.a.web.builders.WebSecurity       : You are asking Spring Security to ignore Ant [pattern='/lib/**']. This is not recommended -- please use permitAll via HttpSecurity#authorizeHttpRequests instead.
2025-09-07 17:04:02.466  INFO 12992 --- [restartedMain] o.s.s.web.DefaultSecurityFilterChain     : Will not secure Ant [pattern='/lib/**']
2025-09-07 17:04:02.466  WARN 12992 --- [restartedMain] o.s.s.c.a.web.builders.WebSecurity       : You are asking Spring Security to ignore Ant [pattern='/ace-builds-master/**']. This is not recommended -- please use permitAll via HttpSecurity#authorizeHttpRequests instead.
2025-09-07 17:04:02.466  INFO 12992 --- [restartedMain] o.s.s.web.DefaultSecurityFilterChain     : Will not secure Ant [pattern='/ace-builds-master/**']
2025-09-07 17:04:02.466  WARN 12992 --- [restartedMain] o.s.s.c.a.web.builders.WebSecurity       : You are asking Spring Security to ignore Ant [pattern='/fonts/**']. This is not recommended -- please use permitAll via HttpSecurity#authorizeHttpRequests instead.
2025-09-07 17:04:02.466  INFO 12992 --- [restartedMain] o.s.s.web.DefaultSecurityFilterChain     : Will not secure Ant [pattern='/fonts/**']
2025-09-07 17:04:02.466  WARN 12992 --- [restartedMain] o.s.s.c.a.web.builders.WebSecurity       : You are asking Spring Security to ignore Ant [pattern='/pictures/**']. This is not recommended -- please use permitAll via HttpSecurity#authorizeHttpRequests instead.
2025-09-07 17:04:02.466  INFO 12992 --- [restartedMain] o.s.s.web.DefaultSecurityFilterChain     : Will not secure Ant [pattern='/pictures/**']
2025-09-07 17:04:02.466  WARN 12992 --- [restartedMain] o.s.s.c.a.web.builders.WebSecurity       : You are asking Spring Security to ignore Ant [pattern='/resultPic/**']. This is not recommended -- please use permitAll via HttpSecurity#authorizeHttpRequests instead.
2025-09-07 17:04:02.466  INFO 12992 --- [restartedMain] o.s.s.web.DefaultSecurityFilterChain     : Will not secure Ant [pattern='/resultPic/**']
2025-09-07 17:04:02.492  INFO 12992 --- [restartedMain] o.s.s.web.DefaultSecurityFilterChain     : Will secure any request with [org.springframework.security.web.context.request.async.WebAsyncManagerIntegrationFilter@135c6a08, org.springframework.security.web.context.SecurityContextPersistenceFilter@3ee11c95, org.springframework.security.web.header.HeaderWriterFilter@2d54e5ab, org.springframework.security.web.authentication.logout.LogoutFilter@363e6a47, org.springframework.security.web.authentication.UsernamePasswordAuthenticationFilter@5eab0e6f, org.springframework.security.web.savedrequest.RequestCacheAwareFilter@710fa58c, org.springframework.security.web.servletapi.SecurityContextHolderAwareRequestFilter@1404336f, org.springframework.security.web.authentication.AnonymousAuthenticationFilter@1f4176c3, org.springframework.security.web.session.SessionManagementFilter@6abfae3a, org.springframework.security.web.access.ExceptionTranslationFilter@de13b8f, org.springframework.security.web.access.intercept.FilterSecurityInterceptor@66556de7]
2025-09-07 17:04:02.520  INFO 12992 --- [restartedMain] pertySourcedRequestMappingHandlerMapping : Mapped URL path [/v2/api-docs] onto method [springfox.documentation.swagger2.web.Swagger2Controller#getDocumentation(String, HttpServletRequest)]
2025-09-07 17:04:02.611  INFO 12992 --- [restartedMain] o.s.b.d.a.OptionalLiveReloadServer       : LiveReload server is running on port 35729
2025-09-07 17:04:03.005  INFO 12992 --- [restartedMain] o.s.b.w.embedded.tomcat.TomcatWebServer  : Tomcat started on port(s): 8001 (http) with context path ''
2025-09-07 17:04:03.006  INFO 12992 --- [restartedMain] u.j.c.RefreshScopeRefreshedEventListener : Refreshing cached encryptable property sources on ServletWebServerInitializedEvent
2025-09-07 17:04:03.006  INFO 12992 --- [restartedMain] CachingDelegateEncryptablePropertySource : Property Source systemProperties refreshed
2025-09-07 17:04:03.006  INFO 12992 --- [restartedMain] CachingDelegateEncryptablePropertySource : Property Source systemEnvironment refreshed
2025-09-07 17:04:03.006  INFO 12992 --- [restartedMain] CachingDelegateEncryptablePropertySource : Property Source random refreshed
2025-09-07 17:04:03.006  INFO 12992 --- [restartedMain] CachingDelegateEncryptablePropertySource : Property Source Config resource 'class path resource [application-dev.yml]' via location 'optional:classpath:/' refreshed
2025-09-07 17:04:03.006  INFO 12992 --- [restartedMain] CachingDelegateEncryptablePropertySource : Property Source Config resource 'class path resource [application.yml]' via location 'optional:classpath:/' refreshed
2025-09-07 17:04:03.006  INFO 12992 --- [restartedMain] CachingDelegateEncryptablePropertySource : Property Source devtools refreshed
2025-09-07 17:04:03.006  INFO 12992 --- [restartedMain] c.u.j.EncryptablePropertySourceConverter : Converting PropertySource server.ports [org.springframework.core.env.MapPropertySource] to EncryptableMapPropertySourceWrapper
2025-09-07 17:04:03.006  INFO 12992 --- [restartedMain] c.u.j.EncryptablePropertySourceConverter : Skipping PropertySource configurationProperties [class org.springframework.boot.context.properties.source.ConfigurationPropertySourcesPropertySource
2025-09-07 17:04:03.006  INFO 12992 --- [restartedMain] c.u.j.EncryptablePropertySourceConverter : Skipping PropertySource servletConfigInitParams [class org.springframework.core.env.PropertySource$StubPropertySource
2025-09-07 17:04:03.006  INFO 12992 --- [restartedMain] c.u.j.EncryptablePropertySourceConverter : Converting PropertySource servletContextInitParams [org.springframework.web.context.support.ServletContextPropertySource] to EncryptableEnumerablePropertySourceWrapper
2025-09-07 17:04:03.007  INFO 12992 --- [restartedMain] d.s.w.p.DocumentationPluginsBootstrapper : Context refreshed
2025-09-07 17:04:03.023  INFO 12992 --- [restartedMain] d.s.w.p.DocumentationPluginsBootstrapper : Found 1 custom documentation plugin(s)
2025-09-07 17:04:03.043  INFO 12992 --- [restartedMain] s.d.s.w.s.ApiListingReferenceScanner     : Scanning for api listing references
2025-09-07 17:04:03.162  INFO 12992 --- [restartedMain] .d.s.w.r.o.CachingOperationNameGenerator : Generating unique operation named: showExpEntityUsingGET_1
2025-09-07 17:04:03.238  INFO 12992 --- [restartedMain] .d.s.w.r.o.CachingOperationNameGenerator : Generating unique operation named: getGtoeUsingGET_1
2025-09-07 17:04:03.263  INFO 12992 --- [restartedMain] com.newdmsp.demo.DemoApplication         : Started DemoApplication in 3.575 seconds (JVM running for 8.793)
2025-09-07 17:04:22.311  INFO 12992 --- [http-nio-8001-exec-1] o.a.c.c.C.[Tomcat].[localhost].[/]       : Initializing Spring DispatcherServlet 'dispatcherServlet'
2025-09-07 17:04:22.311  INFO 12992 --- [http-nio-8001-exec-1] o.s.web.servlet.DispatcherServlet        : Initializing Servlet 'dispatcherServlet'
2025-09-07 17:04:22.312  INFO 12992 --- [http-nio-8001-exec-1] o.s.web.servlet.DispatcherServlet        : Completed initialization in 1 ms
2025-09-07 17:04:26.980  INFO 12992 --- [http-nio-8001-exec-8] c.n.d.s.user.CustomUserDetailsService    : stu1
2025-09-07 17:04:27.012  INFO 12992 --- [http-nio-8001-exec-8] com.zaxxer.hikari.HikariDataSource       : HikariPool-1 - Starting...
2025-09-07 17:04:27.274  INFO 12992 --- [http-nio-8001-exec-8] com.zaxxer.hikari.HikariDataSource       : HikariPool-1 - Start completed.
2025-09-07 17:04:27.300  INFO 12992 --- [http-nio-8001-exec-8] c.n.d.s.user.CustomPasswordEncoder       : WyJhHV8QHUYcQjsDi6riIuJFaEm+QGZdijTy9cng5aNUc9Fs5SA7uC77LNT6zp/TSlNTMn/rrdX+elTM/o71npW9ZGdiEngdk8o/padvRsOagnIiRdZH3uKVcUt9y7x5U+d/tzSD3RukG5CtReg08Q7hgwpc5Aq4JtTJZyN0BBA=
2025-09-07 17:04:27.326  INFO 12992 --- [http-nio-8001-exec-8] d.s.u.CustomAuthenticationSuccessHandler : 登录成功
2025-09-07 17:04:28.657  WARN 12992 --- [http-nio-8001-exec-5] o.s.web.servlet.PageNotFound             : No mapping for GET /favicon.ico
2025-09-07 17:54:15.884  INFO 12992 --- [http-nio-8001-exec-4] c.n.d.s.user.CustomUserDetailsService    : stu1
2025-09-07 17:54:15.887  INFO 12992 --- [http-nio-8001-exec-4] c.n.d.s.user.CustomPasswordEncoder       : VUV2gkeacievK764YTII/v11tBe0AKM59Rk1iXejs7Wb9TGWKCdeqfi9BzB1Cu5S9Ovd0R0iiEX73l62KvvEDuGGwWS+YhA/RDqEN037nH30B1Jw0sl6fdrBGS3LJ58PShje4dHlfL620j6RTBWNTuA2Toja5MMZh4VBNYYqIUo=
2025-09-07 17:54:15.890  INFO 12992 --- [http-nio-8001-exec-4] d.s.u.CustomAuthenticationSuccessHandler : 登录成功
2025-09-07 17:54:18.355  WARN 12992 --- [http-nio-8001-exec-7] o.s.web.servlet.PageNotFound             : No mapping for GET /.well-known/appspecific/com.chrome.devtools.json
2025-09-07 17:55:25.541  WARN 12992 --- [http-nio-8001-exec-2] o.s.web.servlet.PageNotFound             : No mapping for GET /.well-known/appspecific/com.chrome.devtools.json
2025-09-07 17:56:55.545  WARN 12992 --- [http-nio-8001-exec-3] o.s.web.servlet.PageNotFound             : No mapping for GET /.well-known/appspecific/com.chrome.devtools.json
2025-09-07 17:57:29.567  WARN 12992 --- [http-nio-8001-exec-2] o.s.web.servlet.PageNotFound             : No mapping for GET /.well-known/appspecific/com.chrome.devtools.json
2025-09-07 17:57:40.768  WARN 12992 --- [http-nio-8001-exec-8] com.zaxxer.hikari.pool.ProxyConnection   : HikariPool-1 - Connection com.mysql.cj.jdbc.ConnectionImpl@3cf4265c marked as broken because of SQLSTATE(08S01), ErrorCode(0)

com.mysql.cj.jdbc.exceptions.CommunicationsException: Communications link failure

The last packet successfully received from the server was 2,079 milliseconds ago. The last packet sent successfully to the server was 2,079 milliseconds ago.
	at com.mysql.cj.jdbc.exceptions.SQLError.createCommunicationsException(SQLError.java:174) ~[mysql-connector-java-8.0.29.jar:8.0.29]
	at com.mysql.cj.jdbc.exceptions.SQLExceptionsMapping.translateException(SQLExceptionsMapping.java:64) ~[mysql-connector-java-8.0.29.jar:8.0.29]
	at com.mysql.cj.jdbc.ClientPreparedStatement.executeInternal(ClientPreparedStatement.java:916) ~[mysql-connector-java-8.0.29.jar:8.0.29]
	at com.mysql.cj.jdbc.ClientPreparedStatement.execute(ClientPreparedStatement.java:354) ~[mysql-connector-java-8.0.29.jar:8.0.29]
	at com.zaxxer.hikari.pool.ProxyPreparedStatement.execute(ProxyPreparedStatement.java:44) ~[HikariCP-4.0.3.jar:na]
	at com.zaxxer.hikari.pool.HikariProxyPreparedStatement.execute(HikariProxyPreparedStatement.java) ~[HikariCP-4.0.3.jar:na]
	at org.apache.ibatis.executor.statement.PreparedStatementHandler.update(PreparedStatementHandler.java:47) ~[mybatis-3.5.7.jar:3.5.7]
	at org.apache.ibatis.executor.statement.RoutingStatementHandler.update(RoutingStatementHandler.java:74) ~[mybatis-3.5.7.jar:3.5.7]
	at org.apache.ibatis.executor.SimpleExecutor.doUpdate(SimpleExecutor.java:50) ~[mybatis-3.5.7.jar:3.5.7]
	at org.apache.ibatis.executor.BaseExecutor.update(BaseExecutor.java:117) ~[mybatis-3.5.7.jar:3.5.7]
	at org.apache.ibatis.executor.CachingExecutor.update(CachingExecutor.java:76) ~[mybatis-3.5.7.jar:3.5.7]
	at org.apache.ibatis.session.defaults.DefaultSqlSession.update(DefaultSqlSession.java:194) ~[mybatis-3.5.7.jar:3.5.7]
	at org.apache.ibatis.session.defaults.DefaultSqlSession.insert(DefaultSqlSession.java:181) ~[mybatis-3.5.7.jar:3.5.7]
	at java.base/jdk.internal.reflect.NativeMethodAccessorImpl.invoke0(Native Method) ~[na:na]
	at java.base/jdk.internal.reflect.NativeMethodAccessorImpl.invoke(NativeMethodAccessorImpl.java:77) ~[na:na]
	at java.base/jdk.internal.reflect.DelegatingMethodAccessorImpl.invoke(DelegatingMethodAccessorImpl.java:43) ~[na:na]
	at java.base/java.lang.reflect.Method.invoke(Method.java:568) ~[na:na]
	at org.mybatis.spring.SqlSessionTemplate$SqlSessionInterceptor.invoke(SqlSessionTemplate.java:427) ~[mybatis-spring-2.0.6.jar:2.0.6]
	at jdk.proxy2/jdk.proxy2.$Proxy84.insert(Unknown Source) ~[na:na]
	at org.mybatis.spring.SqlSessionTemplate.insert(SqlSessionTemplate.java:272) ~[mybatis-spring-2.0.6.jar:2.0.6]
	at org.apache.ibatis.binding.MapperMethod.execute(MapperMethod.java:62) ~[mybatis-3.5.7.jar:3.5.7]
	at org.apache.ibatis.binding.MapperProxy$PlainMethodInvoker.invoke(MapperProxy.java:145) ~[mybatis-3.5.7.jar:3.5.7]
	at org.apache.ibatis.binding.MapperProxy.invoke(MapperProxy.java:86) ~[mybatis-3.5.7.jar:3.5.7]
	at jdk.proxy3/jdk.proxy3.$Proxy91.addHistory(Unknown Source) ~[na:na]
	at com.newdmsp.demo.service.Impl.ExpServiceImpl.addHistory(ExpServiceImpl.java:35) ~[classes/:na]
	at com.newdmsp.demo.controller.ExpController.runeditor(ExpController.java:850) ~[classes/:na]
	at java.base/jdk.internal.reflect.NativeMethodAccessorImpl.invoke0(Native Method) ~[na:na]
	at java.base/jdk.internal.reflect.NativeMethodAccessorImpl.invoke(NativeMethodAccessorImpl.java:77) ~[na:na]
	at java.base/jdk.internal.reflect.DelegatingMethodAccessorImpl.invoke(DelegatingMethodAccessorImpl.java:43) ~[na:na]
	at java.base/java.lang.reflect.Method.invoke(Method.java:568) ~[na:na]
	at org.springframework.web.method.support.InvocableHandlerMethod.doInvoke(InvocableHandlerMethod.java:205) ~[spring-web-5.3.20.jar:5.3.20]
	at org.springframework.web.method.support.InvocableHandlerMethod.invokeForRequest(InvocableHandlerMethod.java:150) ~[spring-web-5.3.20.jar:5.3.20]
	at org.springframework.web.servlet.mvc.method.annotation.ServletInvocableHandlerMethod.invokeAndHandle(ServletInvocableHandlerMethod.java:117) ~[spring-webmvc-5.3.20.jar:5.3.20]
	at org.springframework.web.servlet.mvc.method.annotation.RequestMappingHandlerAdapter.invokeHandlerMethod(RequestMappingHandlerAdapter.java:895) ~[spring-webmvc-5.3.20.jar:5.3.20]
	at org.springframework.web.servlet.mvc.method.annotation.RequestMappingHandlerAdapter.handleInternal(RequestMappingHandlerAdapter.java:808) ~[spring-webmvc-5.3.20.jar:5.3.20]
	at org.springframework.web.servlet.mvc.method.AbstractHandlerMethodAdapter.handle(AbstractHandlerMethodAdapter.java:87) ~[spring-webmvc-5.3.20.jar:5.3.20]
	at org.springframework.web.servlet.DispatcherServlet.doDispatch(DispatcherServlet.java:1067) ~[spring-webmvc-5.3.20.jar:5.3.20]
	at org.springframework.web.servlet.DispatcherServlet.doService(DispatcherServlet.java:963) ~[spring-webmvc-5.3.20.jar:5.3.20]
	at org.springframework.web.servlet.FrameworkServlet.processRequest(FrameworkServlet.java:1006) ~[spring-webmvc-5.3.20.jar:5.3.20]
	at org.springframework.web.servlet.FrameworkServlet.doPost(FrameworkServlet.java:909) ~[spring-webmvc-5.3.20.jar:5.3.20]
	at javax.servlet.http.HttpServlet.service(HttpServlet.java:681) ~[tomcat-embed-core-9.0.63.jar:4.0.FR]
	at org.springframework.web.servlet.FrameworkServlet.service(FrameworkServlet.java:883) ~[spring-webmvc-5.3.20.jar:5.3.20]
	at javax.servlet.http.HttpServlet.service(HttpServlet.java:764) ~[tomcat-embed-core-9.0.63.jar:4.0.FR]
	at org.apache.catalina.core.ApplicationFilterChain.internalDoFilter(ApplicationFilterChain.java:227) ~[tomcat-embed-core-9.0.63.jar:9.0.63]
	at org.apache.catalina.core.ApplicationFilterChain.doFilter(ApplicationFilterChain.java:162) ~[tomcat-embed-core-9.0.63.jar:9.0.63]
	at org.apache.tomcat.websocket.server.WsFilter.doFilter(WsFilter.java:53) ~[tomcat-embed-websocket-9.0.63.jar:9.0.63]
	at org.apache.catalina.core.ApplicationFilterChain.internalDoFilter(ApplicationFilterChain.java:189) ~[tomcat-embed-core-9.0.63.jar:9.0.63]
	at org.apache.catalina.core.ApplicationFilterChain.doFilter(ApplicationFilterChain.java:162) ~[tomcat-embed-core-9.0.63.jar:9.0.63]
	at org.springframework.security.web.FilterChainProxy$VirtualFilterChain.doFilter(FilterChainProxy.java:327) ~[spring-security-web-5.6.5.jar:5.6.5]
	at org.springframework.security.web.access.intercept.FilterSecurityInterceptor.invoke(FilterSecurityInterceptor.java:115) ~[spring-security-web-5.6.5.jar:5.6.5]
	at org.springframework.security.web.access.intercept.FilterSecurityInterceptor.doFilter(FilterSecurityInterceptor.java:81) ~[spring-security-web-5.6.5.jar:5.6.5]
	at org.springframework.security.web.FilterChainProxy$VirtualFilterChain.doFilter(FilterChainProxy.java:336) ~[spring-security-web-5.6.5.jar:5.6.5]
	at org.springframework.security.web.access.ExceptionTranslationFilter.doFilter(ExceptionTranslationFilter.java:122) ~[spring-security-web-5.6.5.jar:5.6.5]
	at org.springframework.security.web.access.ExceptionTranslationFilter.doFilter(ExceptionTranslationFilter.java:116) ~[spring-security-web-5.6.5.jar:5.6.5]
	at org.springframework.security.web.FilterChainProxy$VirtualFilterChain.doFilter(FilterChainProxy.java:336) ~[spring-security-web-5.6.5.jar:5.6.5]
	at org.springframework.security.web.session.SessionManagementFilter.doFilter(SessionManagementFilter.java:126) ~[spring-security-web-5.6.5.jar:5.6.5]
	at org.springframework.security.web.session.SessionManagementFilter.doFilter(SessionManagementFilter.java:81) ~[spring-security-web-5.6.5.jar:5.6.5]
	at org.springframework.security.web.FilterChainProxy$VirtualFilterChain.doFilter(FilterChainProxy.java:336) ~[spring-security-web-5.6.5.jar:5.6.5]
	at org.springframework.security.web.authentication.AnonymousAuthenticationFilter.doFilter(AnonymousAuthenticationFilter.java:109) ~[spring-security-web-5.6.5.jar:5.6.5]
	at org.springframework.security.web.FilterChainProxy$VirtualFilterChain.doFilter(FilterChainProxy.java:336) ~[spring-security-web-5.6.5.jar:5.6.5]
	at org.springframework.security.web.servletapi.SecurityContextHolderAwareRequestFilter.doFilter(SecurityContextHolderAwareRequestFilter.java:149) ~[spring-security-web-5.6.5.jar:5.6.5]
	at org.springframework.security.web.FilterChainProxy$VirtualFilterChain.doFilter(FilterChainProxy.java:336) ~[spring-security-web-5.6.5.jar:5.6.5]
	at org.springframework.security.web.savedrequest.RequestCacheAwareFilter.doFilter(RequestCacheAwareFilter.java:63) ~[spring-security-web-5.6.5.jar:5.6.5]
	at org.springframework.security.web.FilterChainProxy$VirtualFilterChain.doFilter(FilterChainProxy.java:336) ~[spring-security-web-5.6.5.jar:5.6.5]
	at org.springframework.security.web.authentication.AbstractAuthenticationProcessingFilter.doFilter(AbstractAuthenticationProcessingFilter.java:219) ~[spring-security-web-5.6.5.jar:5.6.5]
	at org.springframework.security.web.authentication.AbstractAuthenticationProcessingFilter.doFilter(AbstractAuthenticationProcessingFilter.java:213) ~[spring-security-web-5.6.5.jar:5.6.5]
	at org.springframework.security.web.FilterChainProxy$VirtualFilterChain.doFilter(FilterChainProxy.java:336) ~[spring-security-web-5.6.5.jar:5.6.5]
	at org.springframework.security.web.authentication.logout.LogoutFilter.doFilter(LogoutFilter.java:103) ~[spring-security-web-5.6.5.jar:5.6.5]
	at org.springframework.security.web.authentication.logout.LogoutFilter.doFilter(LogoutFilter.java:89) ~[spring-security-web-5.6.5.jar:5.6.5]
	at org.springframework.security.web.FilterChainProxy$VirtualFilterChain.doFilter(FilterChainProxy.java:336) ~[spring-security-web-5.6.5.jar:5.6.5]
	at org.springframework.security.web.header.HeaderWriterFilter.doHeadersAfter(HeaderWriterFilter.java:90) ~[spring-security-web-5.6.5.jar:5.6.5]
	at org.springframework.security.web.header.HeaderWriterFilter.doFilterInternal(HeaderWriterFilter.java:75) ~[spring-security-web-5.6.5.jar:5.6.5]
	at org.springframework.web.filter.OncePerRequestFilter.doFilter(OncePerRequestFilter.java:117) ~[spring-web-5.3.20.jar:5.3.20]
	at org.springframework.security.web.FilterChainProxy$VirtualFilterChain.doFilter(FilterChainProxy.java:336) ~[spring-security-web-5.6.5.jar:5.6.5]
	at org.springframework.security.web.context.SecurityContextPersistenceFilter.doFilter(SecurityContextPersistenceFilter.java:110) ~[spring-security-web-5.6.5.jar:5.6.5]
	at org.springframework.security.web.context.SecurityContextPersistenceFilter.doFilter(SecurityContextPersistenceFilter.java:80) ~[spring-security-web-5.6.5.jar:5.6.5]
	at org.springframework.security.web.FilterChainProxy$VirtualFilterChain.doFilter(FilterChainProxy.java:336) ~[spring-security-web-5.6.5.jar:5.6.5]
	at org.springframework.security.web.context.request.async.WebAsyncManagerIntegrationFilter.doFilterInternal(WebAsyncManagerIntegrationFilter.java:55) ~[spring-security-web-5.6.5.jar:5.6.5]
	at org.springframework.web.filter.OncePerRequestFilter.doFilter(OncePerRequestFilter.java:117) ~[spring-web-5.3.20.jar:5.3.20]
	at org.springframework.security.web.FilterChainProxy$VirtualFilterChain.doFilter(FilterChainProxy.java:336) ~[spring-security-web-5.6.5.jar:5.6.5]
	at org.springframework.security.web.FilterChainProxy.doFilterInternal(FilterChainProxy.java:211) ~[spring-security-web-5.6.5.jar:5.6.5]
	at org.springframework.security.web.FilterChainProxy.doFilter(FilterChainProxy.java:183) ~[spring-security-web-5.6.5.jar:5.6.5]
	at org.springframework.web.filter.DelegatingFilterProxy.invokeDelegate(DelegatingFilterProxy.java:354) ~[spring-web-5.3.20.jar:5.3.20]
	at org.springframework.web.filter.DelegatingFilterProxy.doFilter(DelegatingFilterProxy.java:267) ~[spring-web-5.3.20.jar:5.3.20]
	at org.apache.catalina.core.ApplicationFilterChain.internalDoFilter(ApplicationFilterChain.java:189) ~[tomcat-embed-core-9.0.63.jar:9.0.63]
	at org.apache.catalina.core.ApplicationFilterChain.doFilter(ApplicationFilterChain.java:162) ~[tomcat-embed-core-9.0.63.jar:9.0.63]
	at org.springframework.web.filter.CharacterEncodingFilter.doFilterInternal(CharacterEncodingFilter.java:201) ~[spring-web-5.3.20.jar:5.3.20]
	at org.springframework.web.filter.OncePerRequestFilter.doFilter(OncePerRequestFilter.java:117) ~[spring-web-5.3.20.jar:5.3.20]
	at org.apache.catalina.core.ApplicationFilterChain.internalDoFilter(ApplicationFilterChain.java:189) ~[tomcat-embed-core-9.0.63.jar:9.0.63]
	at org.apache.catalina.core.ApplicationFilterChain.doFilter(ApplicationFilterChain.java:162) ~[tomcat-embed-core-9.0.63.jar:9.0.63]
	at org.apache.catalina.core.StandardWrapperValve.invoke(StandardWrapperValve.java:197) ~[tomcat-embed-core-9.0.63.jar:9.0.63]
	at org.apache.catalina.core.StandardContextValve.invoke(StandardContextValve.java:97) ~[tomcat-embed-core-9.0.63.jar:9.0.63]
	at org.apache.catalina.authenticator.AuthenticatorBase.invoke(AuthenticatorBase.java:541) ~[tomcat-embed-core-9.0.63.jar:9.0.63]
	at org.apache.catalina.core.StandardHostValve.invoke(StandardHostValve.java:135) ~[tomcat-embed-core-9.0.63.jar:9.0.63]
	at org.apache.catalina.valves.ErrorReportValve.invoke(ErrorReportValve.java:92) ~[tomcat-embed-core-9.0.63.jar:9.0.63]
	at org.apache.catalina.core.StandardEngineValve.invoke(StandardEngineValve.java:78) ~[tomcat-embed-core-9.0.63.jar:9.0.63]
	at org.apache.catalina.connector.CoyoteAdapter.service(CoyoteAdapter.java:360) ~[tomcat-embed-core-9.0.63.jar:9.0.63]
	at org.apache.coyote.http11.Http11Processor.service(Http11Processor.java:399) ~[tomcat-embed-core-9.0.63.jar:9.0.63]
	at org.apache.coyote.AbstractProcessorLight.process(AbstractProcessorLight.java:65) ~[tomcat-embed-core-9.0.63.jar:9.0.63]
	at org.apache.coyote.AbstractProtocol$ConnectionHandler.process(AbstractProtocol.java:890) ~[tomcat-embed-core-9.0.63.jar:9.0.63]
	at org.apache.tomcat.util.net.NioEndpoint$SocketProcessor.doRun(NioEndpoint.java:1743) ~[tomcat-embed-core-9.0.63.jar:9.0.63]
	at org.apache.tomcat.util.net.SocketProcessorBase.run(SocketProcessorBase.java:49) ~[tomcat-embed-core-9.0.63.jar:9.0.63]
	at org.apache.tomcat.util.threads.ThreadPoolExecutor.runWorker(ThreadPoolExecutor.java:1191) ~[tomcat-embed-core-9.0.63.jar:9.0.63]
	at org.apache.tomcat.util.threads.ThreadPoolExecutor$Worker.run(ThreadPoolExecutor.java:659) ~[tomcat-embed-core-9.0.63.jar:9.0.63]
	at org.apache.tomcat.util.threads.TaskThread$WrappingRunnable.run(TaskThread.java:61) ~[tomcat-embed-core-9.0.63.jar:9.0.63]
	at java.base/java.lang.Thread.run(Thread.java:842) ~[na:na]
Caused by: com.mysql.cj.exceptions.CJCommunicationsException: Communications link failure

The last packet successfully received from the server was 2,079 milliseconds ago. The last packet sent successfully to the server was 2,079 milliseconds ago.
	at java.base/jdk.internal.reflect.NativeConstructorAccessorImpl.newInstance0(Native Method) ~[na:na]
	at java.base/jdk.internal.reflect.NativeConstructorAccessorImpl.newInstance(NativeConstructorAccessorImpl.java:77) ~[na:na]
	at java.base/jdk.internal.reflect.DelegatingConstructorAccessorImpl.newInstance(DelegatingConstructorAccessorImpl.java:45) ~[na:na]
	at java.base/java.lang.reflect.Constructor.newInstanceWithCaller(Constructor.java:499) ~[na:na]
	at java.base/java.lang.reflect.Constructor.newInstance(Constructor.java:480) ~[na:na]
	at com.mysql.cj.exceptions.ExceptionFactory.createException(ExceptionFactory.java:61) ~[mysql-connector-java-8.0.29.jar:8.0.29]
	at com.mysql.cj.exceptions.ExceptionFactory.createException(ExceptionFactory.java:105) ~[mysql-connector-java-8.0.29.jar:8.0.29]
	at com.mysql.cj.exceptions.ExceptionFactory.createException(ExceptionFactory.java:151) ~[mysql-connector-java-8.0.29.jar:8.0.29]
	at com.mysql.cj.exceptions.ExceptionFactory.createCommunicationsException(ExceptionFactory.java:167) ~[mysql-connector-java-8.0.29.jar:8.0.29]
	at com.mysql.cj.protocol.a.NativeProtocol.readMessage(NativeProtocol.java:581) ~[mysql-connector-java-8.0.29.jar:8.0.29]
	at com.mysql.cj.protocol.a.NativeProtocol.checkErrorMessage(NativeProtocol.java:761) ~[mysql-connector-java-8.0.29.jar:8.0.29]
	at com.mysql.cj.protocol.a.NativeProtocol.sendCommand(NativeProtocol.java:700) ~[mysql-connector-java-8.0.29.jar:8.0.29]
	at com.mysql.cj.protocol.a.NativeProtocol.sendQueryPacket(NativeProtocol.java:1051) ~[mysql-connector-java-8.0.29.jar:8.0.29]
	at com.mysql.cj.NativeSession.execSQL(NativeSession.java:665) ~[mysql-connector-java-8.0.29.jar:8.0.29]
	at com.mysql.cj.jdbc.ClientPreparedStatement.executeInternal(ClientPreparedStatement.java:893) ~[mysql-connector-java-8.0.29.jar:8.0.29]
	... 103 common frames omitted
Caused by: java.net.SocketException: Connection reset
	at java.base/sun.nio.ch.NioSocketImpl.implRead(NioSocketImpl.java:328) ~[na:na]
	at java.base/sun.nio.ch.NioSocketImpl.read(NioSocketImpl.java:355) ~[na:na]
	at java.base/sun.nio.ch.NioSocketImpl$1.read(NioSocketImpl.java:808) ~[na:na]
	at java.base/java.net.Socket$SocketInputStream.read(Socket.java:966) ~[na:na]
	at java.base/sun.security.ssl.SSLSocketInputRecord.read(SSLSocketInputRecord.java:484) ~[na:na]
	at java.base/sun.security.ssl.SSLSocketInputRecord.readHeader(SSLSocketInputRecord.java:478) ~[na:na]
	at java.base/sun.security.ssl.SSLSocketInputRecord.bytesInCompletePacket(SSLSocketInputRecord.java:70) ~[na:na]
	at java.base/sun.security.ssl.SSLSocketImpl.readApplicationRecord(SSLSocketImpl.java:1461) ~[na:na]
	at java.base/sun.security.ssl.SSLSocketImpl$AppInputStream.read(SSLSocketImpl.java:1065) ~[na:na]
	at java.base/java.io.FilterInputStream.read(FilterInputStream.java:132) ~[na:na]
	at com.mysql.cj.protocol.FullReadInputStream.readFully(FullReadInputStream.java:64) ~[mysql-connector-java-8.0.29.jar:8.0.29]
	at com.mysql.cj.protocol.a.SimplePacketReader.readHeaderLocal(SimplePacketReader.java:81) ~[mysql-connector-java-8.0.29.jar:8.0.29]
	at com.mysql.cj.protocol.a.SimplePacketReader.readHeader(SimplePacketReader.java:63) ~[mysql-connector-java-8.0.29.jar:8.0.29]
	at com.mysql.cj.protocol.a.SimplePacketReader.readHeader(SimplePacketReader.java:45) ~[mysql-connector-java-8.0.29.jar:8.0.29]
	at com.mysql.cj.protocol.a.TimeTrackingPacketReader.readHeader(TimeTrackingPacketReader.java:52) ~[mysql-connector-java-8.0.29.jar:8.0.29]
	at com.mysql.cj.protocol.a.TimeTrackingPacketReader.readHeader(TimeTrackingPacketReader.java:41) ~[mysql-connector-java-8.0.29.jar:8.0.29]
	at com.mysql.cj.protocol.a.MultiPacketReader.readHeader(MultiPacketReader.java:54) ~[mysql-connector-java-8.0.29.jar:8.0.29]
	at com.mysql.cj.protocol.a.MultiPacketReader.readHeader(MultiPacketReader.java:44) ~[mysql-connector-java-8.0.29.jar:8.0.29]
	at com.mysql.cj.protocol.a.NativeProtocol.readMessage(NativeProtocol.java:575) ~[mysql-connector-java-8.0.29.jar:8.0.29]
	... 108 common frames omitted

2025-09-07 17:57:40.813  WARN 12992 --- [http-nio-8001-exec-8] com.zaxxer.hikari.pool.PoolBase          : HikariPool-1 - Failed to validate connection com.mysql.cj.jdbc.ConnectionImpl@76504f9 (No operations allowed after connection closed.). Possibly consider using a shorter maxLifetime value.
2025-09-07 17:57:40.814  WARN 12992 --- [http-nio-8001-exec-8] com.zaxxer.hikari.pool.PoolBase          : HikariPool-1 - Failed to validate connection com.mysql.cj.jdbc.ConnectionImpl@55ade82 (No operations allowed after connection closed.). Possibly consider using a shorter maxLifetime value.
2025-09-07 17:57:40.815  WARN 12992 --- [http-nio-8001-exec-8] com.zaxxer.hikari.pool.PoolBase          : HikariPool-1 - Failed to validate connection com.mysql.cj.jdbc.ConnectionImpl@576b89c1 (No operations allowed after connection closed.). Possibly consider using a shorter maxLifetime value.
2025-09-07 17:57:40.816  WARN 12992 --- [http-nio-8001-exec-8] com.zaxxer.hikari.pool.PoolBase          : HikariPool-1 - Failed to validate connection com.mysql.cj.jdbc.ConnectionImpl@7d5d1cbb (No operations allowed after connection closed.). Possibly consider using a shorter maxLifetime value.
2025-09-07 17:57:40.818  WARN 12992 --- [http-nio-8001-exec-8] com.zaxxer.hikari.pool.PoolBase          : HikariPool-1 - Failed to validate connection com.mysql.cj.jdbc.ConnectionImpl@52308d25 (No operations allowed after connection closed.). Possibly consider using a shorter maxLifetime value.
2025-09-07 17:57:40.819  WARN 12992 --- [http-nio-8001-exec-8] com.zaxxer.hikari.pool.PoolBase          : HikariPool-1 - Failed to validate connection com.mysql.cj.jdbc.ConnectionImpl@14df72f (No operations allowed after connection closed.). Possibly consider using a shorter maxLifetime value.
2025-09-07 17:57:40.819  WARN 12992 --- [http-nio-8001-exec-8] com.zaxxer.hikari.pool.PoolBase          : HikariPool-1 - Failed to validate connection com.mysql.cj.jdbc.ConnectionImpl@a635346 (No operations allowed after connection closed.). Possibly consider using a shorter maxLifetime value.
2025-09-07 17:57:40.821  WARN 12992 --- [http-nio-8001-exec-8] com.zaxxer.hikari.pool.PoolBase          : HikariPool-1 - Failed to validate connection com.mysql.cj.jdbc.ConnectionImpl@275ba394 (No operations allowed after connection closed.). Possibly consider using a shorter maxLifetime value.
2025-09-07 17:57:40.822  WARN 12992 --- [http-nio-8001-exec-8] com.zaxxer.hikari.pool.PoolBase          : HikariPool-1 - Failed to validate connection com.mysql.cj.jdbc.ConnectionImpl@37b23d5a (No operations allowed after connection closed.). Possibly consider using a shorter maxLifetime value.
2025-09-07 17:57:59.696  INFO 12992 --- [http-nio-8001-exec-8] c.newdmsp.demo.controller.ExpController  : org.springframework.dao.RecoverableDataAccessException: 
### Error updating database.  Cause: com.mysql.cj.jdbc.exceptions.CommunicationsException: Communications link failure

The last packet successfully received from the server was 2,079 milliseconds ago. The last packet sent successfully to the server was 2,079 milliseconds ago.
### The error may exist in file [E:\dmsp\Anewdemo\target\classes\mapper\ExpMapper.xml]
### The error may involve com.newdmsp.demo.dao.ExpMapper.addHistory-Inline
### The error occurred while setting parameters
### SQL: insert into historycode(sid, sname, expId, codeurl, resulturl, createtime, figCount, csvCount) value (?, ?, ?, ?, ?, ?, ?, ?)
### Cause: com.mysql.cj.jdbc.exceptions.CommunicationsException: Communications link failure

The last packet successfully received from the server was 2,079 milliseconds ago. The last packet sent successfully to the server was 2,079 milliseconds ago.
; Communications link failure

The last packet successfully received from the server was 2,079 milliseconds ago. The last packet sent successfully to the server was 2,079 milliseconds ago.; nested exception is com.mysql.cj.jdbc.exceptions.CommunicationsException: Communications link failure

The last packet successfully received from the server was 2,079 milliseconds ago. The last packet sent successfully to the server was 2,079 milliseconds ago.
2025-09-07 18:11:48.451  WARN 12992 --- [http-nio-8001-exec-7] o.s.web.servlet.PageNotFound             : No mapping for GET /.well-known/appspecific/com.chrome.devtools.json
2025-09-07 18:13:54.512  WARN 12992 --- [http-nio-8001-exec-1] o.s.web.servlet.PageNotFound             : No mapping for GET /.well-known/appspecific/com.chrome.devtools.json
2025-09-07 18:19:06.193  WARN 12992 --- [http-nio-8001-exec-7] o.s.web.servlet.PageNotFound             : No mapping for GET /.well-known/appspecific/com.chrome.devtools.json
2025-09-07 18:19:44.779  WARN 12992 --- [http-nio-8001-exec-9] o.s.web.servlet.PageNotFound             : No mapping for GET /.well-known/appspecific/com.chrome.devtools.json
2025-09-07 18:19:47.389  WARN 12992 --- [http-nio-8001-exec-5] o.s.web.servlet.PageNotFound             : No mapping for GET /pyodide-0.28.2/pyodide/pyodide.js
2025-09-07 18:20:25.336  WARN 12992 --- [http-nio-8001-exec-2] o.s.web.servlet.PageNotFound             : No mapping for GET /.well-known/appspecific/com.chrome.devtools.json
2025-09-07 18:20:27.255  WARN 12992 --- [http-nio-8001-exec-7] o.s.web.servlet.PageNotFound             : No mapping for GET /pyodide-0.28.2/pyodide/pyodide.js
2025-09-07 18:21:49.787  WARN 12992 --- [http-nio-8001-exec-6] o.s.web.servlet.PageNotFound             : No mapping for GET /pyodide-0.28.2/pyodide/pyodide.js
2025-09-07 18:22:24.730  INFO 12992 --- [Thread-4] com.zaxxer.hikari.HikariDataSource       : HikariPool-1 - Shutdown initiated...
2025-09-07 18:22:24.735  INFO 12992 --- [Thread-4] com.zaxxer.hikari.HikariDataSource       : HikariPool-1 - Shutdown completed.
2025-09-07 18:22:36.897  INFO 29392 --- [restartedMain] com.newdmsp.demo.DemoApplication         : Starting DemoApplication using Java 17.0.12 on DESKTOP-U0I2JQG with PID 29392 (E:\dmsp\Anewdemo\target\classes started by MR in E:\dmsp\Anewdemo)
2025-09-07 18:22:36.899  INFO 29392 --- [restartedMain] com.newdmsp.demo.DemoApplication         : The following 1 profile is active: "dev"
2025-09-07 18:22:36.932  INFO 29392 --- [restartedMain] .e.DevToolsPropertyDefaultsPostProcessor : Devtools property defaults active! Set 'spring.devtools.add-properties' to 'false' to disable
2025-09-07 18:22:36.933  INFO 29392 --- [restartedMain] .e.DevToolsPropertyDefaultsPostProcessor : For additional web related logging consider setting the 'logging.level.web' property to 'DEBUG'
2025-09-07 18:22:38.011  INFO 29392 --- [restartedMain] ptablePropertiesBeanFactoryPostProcessor : Post-processing PropertySource instances
2025-09-07 18:22:38.011  INFO 29392 --- [restartedMain] c.u.j.EncryptablePropertySourceConverter : Skipping PropertySource configurationProperties [class org.springframework.boot.context.properties.source.ConfigurationPropertySourcesPropertySource
2025-09-07 18:22:38.012  INFO 29392 --- [restartedMain] c.u.j.EncryptablePropertySourceConverter : Skipping PropertySource servletConfigInitParams [class org.springframework.core.env.PropertySource$StubPropertySource
2025-09-07 18:22:38.012  INFO 29392 --- [restartedMain] c.u.j.EncryptablePropertySourceConverter : Skipping PropertySource servletContextInitParams [class org.springframework.core.env.PropertySource$StubPropertySource
2025-09-07 18:22:38.013  INFO 29392 --- [restartedMain] c.u.j.EncryptablePropertySourceConverter : Converting PropertySource systemProperties [org.springframework.core.env.PropertiesPropertySource] to EncryptableMapPropertySourceWrapper
2025-09-07 18:22:38.013  INFO 29392 --- [restartedMain] c.u.j.EncryptablePropertySourceConverter : Converting PropertySource systemEnvironment [org.springframework.boot.env.SystemEnvironmentPropertySourceEnvironmentPostProcessor$OriginAwareSystemEnvironmentPropertySource] to EncryptableSystemEnvironmentPropertySourceWrapper
2025-09-07 18:22:38.013  INFO 29392 --- [restartedMain] c.u.j.EncryptablePropertySourceConverter : Converting PropertySource random [org.springframework.boot.env.RandomValuePropertySource] to EncryptablePropertySourceWrapper
2025-09-07 18:22:38.013  INFO 29392 --- [restartedMain] c.u.j.EncryptablePropertySourceConverter : Converting PropertySource Config resource 'class path resource [application-dev.yml]' via location 'optional:classpath:/' [org.springframework.boot.env.OriginTrackedMapPropertySource] to EncryptableMapPropertySourceWrapper
2025-09-07 18:22:38.013  INFO 29392 --- [restartedMain] c.u.j.EncryptablePropertySourceConverter : Converting PropertySource Config resource 'class path resource [application.yml]' via location 'optional:classpath:/' [org.springframework.boot.env.OriginTrackedMapPropertySource] to EncryptableMapPropertySourceWrapper
2025-09-07 18:22:38.013  INFO 29392 --- [restartedMain] c.u.j.EncryptablePropertySourceConverter : Converting PropertySource devtools [org.springframework.core.env.MapPropertySource] to EncryptableMapPropertySourceWrapper
2025-09-07 18:22:38.120  INFO 29392 --- [restartedMain] c.u.j.filter.DefaultLazyPropertyFilter   : Property Filter custom Bean not found with name 'encryptablePropertyFilter'. Initializing Default Property Filter
2025-09-07 18:22:38.126  INFO 29392 --- [restartedMain] c.u.j.r.DefaultLazyPropertyResolver      : Property Resolver custom Bean not found with name 'encryptablePropertyResolver'. Initializing Default Property Resolver
2025-09-07 18:22:38.127  INFO 29392 --- [restartedMain] c.u.j.d.DefaultLazyPropertyDetector      : Property Detector custom Bean not found with name 'encryptablePropertyDetector'. Initializing Default Property Detector
2025-09-07 18:22:38.275  INFO 29392 --- [restartedMain] o.s.b.w.embedded.tomcat.TomcatWebServer  : Tomcat initialized with port(s): 8001 (http)
2025-09-07 18:22:38.282  INFO 29392 --- [restartedMain] o.apache.catalina.core.StandardService   : Starting service [Tomcat]
2025-09-07 18:22:38.283  INFO 29392 --- [restartedMain] org.apache.catalina.core.StandardEngine  : Starting Servlet engine: [Apache Tomcat/9.0.63]
2025-09-07 18:22:38.334  INFO 29392 --- [restartedMain] o.a.c.c.C.[Tomcat].[localhost].[/]       : Initializing Spring embedded WebApplicationContext
2025-09-07 18:22:38.335  INFO 29392 --- [restartedMain] w.s.c.ServletWebServerApplicationContext : Root WebApplicationContext: initialization completed in 1402 ms
2025-09-07 18:22:38.438  INFO 29392 --- [restartedMain] c.u.j.encryptor.DefaultLazyEncryptor     : String Encryptor custom Bean not found with name 'jasyptStringEncryptor'. Initializing Default String Encryptor
2025-09-07 18:22:38.445  INFO 29392 --- [restartedMain] c.u.j.c.StringEncryptorBuilder           : Encryptor config not found for property jasypt.encryptor.key-obtention-iterations, using default value: 1000
2025-09-07 18:22:38.445  INFO 29392 --- [restartedMain] c.u.j.c.StringEncryptorBuilder           : Encryptor config not found for property jasypt.encryptor.pool-size, using default value: 1
2025-09-07 18:22:38.445  INFO 29392 --- [restartedMain] c.u.j.c.StringEncryptorBuilder           : Encryptor config not found for property jasypt.encryptor.provider-name, using default value: null
2025-09-07 18:22:38.445  INFO 29392 --- [restartedMain] c.u.j.c.StringEncryptorBuilder           : Encryptor config not found for property jasypt.encryptor.provider-class-name, using default value: null
2025-09-07 18:22:38.446  INFO 29392 --- [restartedMain] c.u.j.c.StringEncryptorBuilder           : Encryptor config not found for property jasypt.encryptor.salt-generator-classname, using default value: org.jasypt.salt.RandomSaltGenerator
2025-09-07 18:22:38.447  INFO 29392 --- [restartedMain] c.u.j.c.StringEncryptorBuilder           : Encryptor config not found for property jasypt.encryptor.iv-generator-classname, using default value: org.jasypt.iv.RandomIvGenerator
2025-09-07 18:22:38.447  INFO 29392 --- [restartedMain] c.u.j.c.StringEncryptorBuilder           : Encryptor config not found for property jasypt.encryptor.string-output-type, using default value: base64
2025-09-07 18:22:38.978  WARN 29392 --- [restartedMain] o.s.s.c.a.web.builders.WebSecurity       : You are asking Spring Security to ignore Ant [pattern='/static/**']. This is not recommended -- please use permitAll via HttpSecurity#authorizeHttpRequests instead.
2025-09-07 18:22:38.979  INFO 29392 --- [restartedMain] o.s.s.web.DefaultSecurityFilterChain     : Will not secure Ant [pattern='/static/**']
2025-09-07 18:22:38.979  WARN 29392 --- [restartedMain] o.s.s.c.a.web.builders.WebSecurity       : You are asking Spring Security to ignore Ant [pattern='/js/**']. This is not recommended -- please use permitAll via HttpSecurity#authorizeHttpRequests instead.
2025-09-07 18:22:38.979  INFO 29392 --- [restartedMain] o.s.s.web.DefaultSecurityFilterChain     : Will not secure Ant [pattern='/js/**']
2025-09-07 18:22:38.979  WARN 29392 --- [restartedMain] o.s.s.c.a.web.builders.WebSecurity       : You are asking Spring Security to ignore Ant [pattern='/images/**']. This is not recommended -- please use permitAll via HttpSecurity#authorizeHttpRequests instead.
2025-09-07 18:22:38.979  INFO 29392 --- [restartedMain] o.s.s.web.DefaultSecurityFilterChain     : Will not secure Ant [pattern='/images/**']
2025-09-07 18:22:38.979  WARN 29392 --- [restartedMain] o.s.s.c.a.web.builders.WebSecurity       : You are asking Spring Security to ignore Ant [pattern='/css/**']. This is not recommended -- please use permitAll via HttpSecurity#authorizeHttpRequests instead.
2025-09-07 18:22:38.979  INFO 29392 --- [restartedMain] o.s.s.web.DefaultSecurityFilterChain     : Will not secure Ant [pattern='/css/**']
2025-09-07 18:22:38.979  WARN 29392 --- [restartedMain] o.s.s.c.a.web.builders.WebSecurity       : You are asking Spring Security to ignore Ant [pattern='/lib/**']. This is not recommended -- please use permitAll via HttpSecurity#authorizeHttpRequests instead.
2025-09-07 18:22:38.979  INFO 29392 --- [restartedMain] o.s.s.web.DefaultSecurityFilterChain     : Will not secure Ant [pattern='/lib/**']
2025-09-07 18:22:38.979  WARN 29392 --- [restartedMain] o.s.s.c.a.web.builders.WebSecurity       : You are asking Spring Security to ignore Ant [pattern='/ace-builds-master/**']. This is not recommended -- please use permitAll via HttpSecurity#authorizeHttpRequests instead.
2025-09-07 18:22:38.979  INFO 29392 --- [restartedMain] o.s.s.web.DefaultSecurityFilterChain     : Will not secure Ant [pattern='/ace-builds-master/**']
2025-09-07 18:22:38.979  WARN 29392 --- [restartedMain] o.s.s.c.a.web.builders.WebSecurity       : You are asking Spring Security to ignore Ant [pattern='/fonts/**']. This is not recommended -- please use permitAll via HttpSecurity#authorizeHttpRequests instead.
2025-09-07 18:22:38.979  INFO 29392 --- [restartedMain] o.s.s.web.DefaultSecurityFilterChain     : Will not secure Ant [pattern='/fonts/**']
2025-09-07 18:22:38.980  WARN 29392 --- [restartedMain] o.s.s.c.a.web.builders.WebSecurity       : You are asking Spring Security to ignore Ant [pattern='/pictures/**']. This is not recommended -- please use permitAll via HttpSecurity#authorizeHttpRequests instead.
2025-09-07 18:22:38.980  INFO 29392 --- [restartedMain] o.s.s.web.DefaultSecurityFilterChain     : Will not secure Ant [pattern='/pictures/**']
2025-09-07 18:22:38.980  WARN 29392 --- [restartedMain] o.s.s.c.a.web.builders.WebSecurity       : You are asking Spring Security to ignore Ant [pattern='/resultPic/**']. This is not recommended -- please use permitAll via HttpSecurity#authorizeHttpRequests instead.
2025-09-07 18:22:38.980  INFO 29392 --- [restartedMain] o.s.s.web.DefaultSecurityFilterChain     : Will not secure Ant [pattern='/resultPic/**']
2025-09-07 18:22:39.006  INFO 29392 --- [restartedMain] o.s.s.web.DefaultSecurityFilterChain     : Will secure any request with [org.springframework.security.web.context.request.async.WebAsyncManagerIntegrationFilter@5ba517a1, org.springframework.security.web.context.SecurityContextPersistenceFilter@26b6e501, org.springframework.security.web.header.HeaderWriterFilter@c144c64, org.springframework.security.web.authentication.logout.LogoutFilter@1a914fa5, org.springframework.security.web.authentication.UsernamePasswordAuthenticationFilter@4c41f401, org.springframework.security.web.savedrequest.RequestCacheAwareFilter@7b5dd2ea, org.springframework.security.web.servletapi.SecurityContextHolderAwareRequestFilter@632d621f, org.springframework.security.web.authentication.AnonymousAuthenticationFilter@636addf0, org.springframework.security.web.session.SessionManagementFilter@433d7c7d, org.springframework.security.web.access.ExceptionTranslationFilter@339174bd, org.springframework.security.web.access.intercept.FilterSecurityInterceptor@47fa0121]
2025-09-07 18:22:39.029  INFO 29392 --- [restartedMain] pertySourcedRequestMappingHandlerMapping : Mapped URL path [/v2/api-docs] onto method [springfox.documentation.swagger2.web.Swagger2Controller#getDocumentation(String, HttpServletRequest)]
2025-09-07 18:22:39.109  INFO 29392 --- [restartedMain] o.s.b.d.a.OptionalLiveReloadServer       : LiveReload server is running on port 35729
2025-09-07 18:22:39.383  INFO 29392 --- [restartedMain] o.s.b.w.embedded.tomcat.TomcatWebServer  : Tomcat started on port(s): 8001 (http) with context path ''
2025-09-07 18:22:39.384  INFO 29392 --- [restartedMain] u.j.c.RefreshScopeRefreshedEventListener : Refreshing cached encryptable property sources on ServletWebServerInitializedEvent
2025-09-07 18:22:39.384  INFO 29392 --- [restartedMain] CachingDelegateEncryptablePropertySource : Property Source systemProperties refreshed
2025-09-07 18:22:39.384  INFO 29392 --- [restartedMain] CachingDelegateEncryptablePropertySource : Property Source systemEnvironment refreshed
2025-09-07 18:22:39.384  INFO 29392 --- [restartedMain] CachingDelegateEncryptablePropertySource : Property Source random refreshed
2025-09-07 18:22:39.384  INFO 29392 --- [restartedMain] CachingDelegateEncryptablePropertySource : Property Source Config resource 'class path resource [application-dev.yml]' via location 'optional:classpath:/' refreshed
2025-09-07 18:22:39.384  INFO 29392 --- [restartedMain] CachingDelegateEncryptablePropertySource : Property Source Config resource 'class path resource [application.yml]' via location 'optional:classpath:/' refreshed
2025-09-07 18:22:39.384  INFO 29392 --- [restartedMain] CachingDelegateEncryptablePropertySource : Property Source devtools refreshed
2025-09-07 18:22:39.384  INFO 29392 --- [restartedMain] c.u.j.EncryptablePropertySourceConverter : Converting PropertySource server.ports [org.springframework.core.env.MapPropertySource] to EncryptableMapPropertySourceWrapper
2025-09-07 18:22:39.384  INFO 29392 --- [restartedMain] c.u.j.EncryptablePropertySourceConverter : Skipping PropertySource configurationProperties [class org.springframework.boot.context.properties.source.ConfigurationPropertySourcesPropertySource
2025-09-07 18:22:39.384  INFO 29392 --- [restartedMain] c.u.j.EncryptablePropertySourceConverter : Skipping PropertySource servletConfigInitParams [class org.springframework.core.env.PropertySource$StubPropertySource
2025-09-07 18:22:39.385  INFO 29392 --- [restartedMain] c.u.j.EncryptablePropertySourceConverter : Converting PropertySource servletContextInitParams [org.springframework.web.context.support.ServletContextPropertySource] to EncryptableEnumerablePropertySourceWrapper
2025-09-07 18:22:39.385  INFO 29392 --- [restartedMain] d.s.w.p.DocumentationPluginsBootstrapper : Context refreshed
2025-09-07 18:22:39.398  INFO 29392 --- [restartedMain] d.s.w.p.DocumentationPluginsBootstrapper : Found 1 custom documentation plugin(s)
2025-09-07 18:22:39.417  INFO 29392 --- [restartedMain] s.d.s.w.s.ApiListingReferenceScanner     : Scanning for api listing references
2025-09-07 18:22:39.537  INFO 29392 --- [restartedMain] .d.s.w.r.o.CachingOperationNameGenerator : Generating unique operation named: showExpEntityUsingGET_1
2025-09-07 18:22:39.607  INFO 29392 --- [restartedMain] .d.s.w.r.o.CachingOperationNameGenerator : Generating unique operation named: getGtoeUsingGET_1
2025-09-07 18:22:39.631  INFO 29392 --- [restartedMain] com.newdmsp.demo.DemoApplication         : Started DemoApplication in 3.02 seconds (JVM running for 3.861)
2025-09-07 18:22:42.214  INFO 29392 --- [http-nio-8001-exec-1] o.a.c.c.C.[Tomcat].[localhost].[/]       : Initializing Spring DispatcherServlet 'dispatcherServlet'
2025-09-07 18:22:42.214  INFO 29392 --- [http-nio-8001-exec-1] o.s.web.servlet.DispatcherServlet        : Initializing Servlet 'dispatcherServlet'
2025-09-07 18:22:42.215  INFO 29392 --- [http-nio-8001-exec-1] o.s.web.servlet.DispatcherServlet        : Completed initialization in 1 ms
2025-09-07 18:22:42.501  WARN 29392 --- [http-nio-8001-exec-3] o.s.web.servlet.PageNotFound             : No mapping for GET /.well-known/appspecific/com.chrome.devtools.json
2025-09-07 18:22:46.886  INFO 29392 --- [http-nio-8001-exec-6] c.n.d.s.user.CustomUserDetailsService    : stu1
2025-09-07 18:22:46.898  INFO 29392 --- [http-nio-8001-exec-6] com.zaxxer.hikari.HikariDataSource       : HikariPool-1 - Starting...
2025-09-07 18:22:47.093  INFO 29392 --- [http-nio-8001-exec-6] com.zaxxer.hikari.HikariDataSource       : HikariPool-1 - Start completed.
2025-09-07 18:22:47.125  INFO 29392 --- [http-nio-8001-exec-6] c.n.d.s.user.CustomPasswordEncoder       : KJ4oairFYWvhoq+HRKnj0fgGHvqv11R73LLmXbe8AQPnHC4gIM9zkpoAX+Z0hSUCJRIy3lInXb5j9udE0pSjk7A7R3hrhXCaaGiOY5g/LmrtPoO2ZmxBgyNdkVhKDZeRzDLzWFTpt3L34fj0nrmrbDJmKmEQWfSmxGZ1wQX4Fy0=
2025-09-07 18:22:47.210  INFO 29392 --- [http-nio-8001-exec-6] d.s.u.CustomAuthenticationSuccessHandler : 登录成功
2025-09-07 18:22:48.325  WARN 29392 --- [http-nio-8001-exec-4] o.s.web.servlet.PageNotFound             : No mapping for GET /.well-known/appspecific/com.chrome.devtools.json
2025-09-07 18:22:51.785  WARN 29392 --- [http-nio-8001-exec-10] o.s.web.servlet.PageNotFound             : No mapping for GET /pyodide-0.28.2/pyodide/pyodide.js
2025-09-07 18:23:38.037  INFO 29392 --- [http-nio-8001-exec-7] c.n.d.s.user.CustomUserDetailsService    : stu1
2025-09-07 18:23:38.040  INFO 29392 --- [http-nio-8001-exec-7] c.n.d.s.user.CustomPasswordEncoder       : v8ESRrAThSDdKTc6yFzXrNc1+tm9+vLXXg3rOOrXm06PJSWQF/qcVhPfBnjatHhPdHOOcrdzYLQCoxXy1rP1o74ODBMChTj1xt5pHc6v11yt5Qk2EZyToKGvS4jLuelrCbfS8/AezvQE96xuB9zrMSjgfjKsVqhqr5aGnBG6AjM=
2025-09-07 18:23:38.042  INFO 29392 --- [http-nio-8001-exec-7] d.s.u.CustomAuthenticationSuccessHandler : 登录成功
2025-09-07 18:23:40.428  WARN 29392 --- [http-nio-8001-exec-9] o.s.web.servlet.PageNotFound             : No mapping for GET /.well-known/appspecific/com.chrome.devtools.json
2025-09-07 18:23:40.686  WARN 29392 --- [http-nio-8001-exec-1] o.s.web.servlet.PageNotFound             : No mapping for GET /favicon.ico
2025-09-07 18:23:49.936  WARN 29392 --- [http-nio-8001-exec-10] o.s.web.servlet.PageNotFound             : No mapping for GET /pyodide-0.28.2/pyodide/pyodide.js
2025-09-07 18:23:59.562  WARN 29392 --- [http-nio-8001-exec-6] o.s.web.servlet.PageNotFound             : No mapping for GET /pyodide-0.28.2/pyodide/pyodide.js
2025-09-07 18:25:46.647  INFO 29392 --- [Thread-4] com.zaxxer.hikari.HikariDataSource       : HikariPool-1 - Shutdown initiated...
2025-09-07 18:25:46.653  INFO 29392 --- [Thread-4] com.zaxxer.hikari.HikariDataSource       : HikariPool-1 - Shutdown completed.
2025-09-07 18:25:46.702  INFO 29392 --- [restartedMain] com.newdmsp.demo.DemoApplication         : Starting DemoApplication using Java 17.0.12 on DESKTOP-U0I2JQG with PID 29392 (E:\dmsp\Anewdemo\target\classes started by MR in E:\dmsp\Anewdemo)
2025-09-07 18:25:46.702  INFO 29392 --- [restartedMain] com.newdmsp.demo.DemoApplication         : The following 1 profile is active: "dev"
2025-09-07 18:25:46.939  INFO 29392 --- [restartedMain] ptablePropertiesBeanFactoryPostProcessor : Post-processing PropertySource instances
2025-09-07 18:25:46.939  INFO 29392 --- [restartedMain] c.u.j.EncryptablePropertySourceConverter : Skipping PropertySource configurationProperties [class org.springframework.boot.context.properties.source.ConfigurationPropertySourcesPropertySource
2025-09-07 18:25:46.939  INFO 29392 --- [restartedMain] c.u.j.EncryptablePropertySourceConverter : Skipping PropertySource servletConfigInitParams [class org.springframework.core.env.PropertySource$StubPropertySource
2025-09-07 18:25:46.939  INFO 29392 --- [restartedMain] c.u.j.EncryptablePropertySourceConverter : Skipping PropertySource servletContextInitParams [class org.springframework.core.env.PropertySource$StubPropertySource
2025-09-07 18:25:46.939  INFO 29392 --- [restartedMain] c.u.j.EncryptablePropertySourceConverter : Converting PropertySource systemProperties [org.springframework.core.env.PropertiesPropertySource] to EncryptableMapPropertySourceWrapper
2025-09-07 18:25:46.939  INFO 29392 --- [restartedMain] c.u.j.EncryptablePropertySourceConverter : Converting PropertySource systemEnvironment [org.springframework.boot.env.SystemEnvironmentPropertySourceEnvironmentPostProcessor$OriginAwareSystemEnvironmentPropertySource] to EncryptableSystemEnvironmentPropertySourceWrapper
2025-09-07 18:25:46.939  INFO 29392 --- [restartedMain] c.u.j.EncryptablePropertySourceConverter : Converting PropertySource random [org.springframework.boot.env.RandomValuePropertySource] to EncryptablePropertySourceWrapper
2025-09-07 18:25:46.939  INFO 29392 --- [restartedMain] c.u.j.EncryptablePropertySourceConverter : Converting PropertySource Config resource 'class path resource [application-dev.yml]' via location 'optional:classpath:/' [org.springframework.boot.env.OriginTrackedMapPropertySource] to EncryptableMapPropertySourceWrapper
2025-09-07 18:25:46.939  INFO 29392 --- [restartedMain] c.u.j.EncryptablePropertySourceConverter : Converting PropertySource Config resource 'class path resource [application.yml]' via location 'optional:classpath:/' [org.springframework.boot.env.OriginTrackedMapPropertySource] to EncryptableMapPropertySourceWrapper
2025-09-07 18:25:46.939  INFO 29392 --- [restartedMain] c.u.j.EncryptablePropertySourceConverter : Converting PropertySource devtools [org.springframework.core.env.MapPropertySource] to EncryptableMapPropertySourceWrapper
2025-09-07 18:25:46.960  INFO 29392 --- [restartedMain] c.u.j.filter.DefaultLazyPropertyFilter   : Property Filter custom Bean not found with name 'encryptablePropertyFilter'. Initializing Default Property Filter
2025-09-07 18:25:46.963  INFO 29392 --- [restartedMain] c.u.j.r.DefaultLazyPropertyResolver      : Property Resolver custom Bean not found with name 'encryptablePropertyResolver'. Initializing Default Property Resolver
2025-09-07 18:25:46.963  INFO 29392 --- [restartedMain] c.u.j.d.DefaultLazyPropertyDetector      : Property Detector custom Bean not found with name 'encryptablePropertyDetector'. Initializing Default Property Detector
2025-09-07 18:25:46.995  INFO 29392 --- [restartedMain] o.s.b.w.embedded.tomcat.TomcatWebServer  : Tomcat initialized with port(s): 8001 (http)
2025-09-07 18:25:46.995  INFO 29392 --- [restartedMain] o.apache.catalina.core.StandardService   : Starting service [Tomcat]
2025-09-07 18:25:46.996  INFO 29392 --- [restartedMain] org.apache.catalina.core.StandardEngine  : Starting Servlet engine: [Apache Tomcat/9.0.63]
2025-09-07 18:25:47.007  INFO 29392 --- [restartedMain] o.a.c.c.C.[Tomcat].[localhost].[/]       : Initializing Spring embedded WebApplicationContext
2025-09-07 18:25:47.007  INFO 29392 --- [restartedMain] w.s.c.ServletWebServerApplicationContext : Root WebApplicationContext: initialization completed in 303 ms
2025-09-07 18:25:47.043  INFO 29392 --- [restartedMain] c.u.j.encryptor.DefaultLazyEncryptor     : String Encryptor custom Bean not found with name 'jasyptStringEncryptor'. Initializing Default String Encryptor
2025-09-07 18:25:47.045  INFO 29392 --- [restartedMain] c.u.j.c.StringEncryptorBuilder           : Encryptor config not found for property jasypt.encryptor.key-obtention-iterations, using default value: 1000
2025-09-07 18:25:47.045  INFO 29392 --- [restartedMain] c.u.j.c.StringEncryptorBuilder           : Encryptor config not found for property jasypt.encryptor.pool-size, using default value: 1
2025-09-07 18:25:47.045  INFO 29392 --- [restartedMain] c.u.j.c.StringEncryptorBuilder           : Encryptor config not found for property jasypt.encryptor.provider-name, using default value: null
2025-09-07 18:25:47.045  INFO 29392 --- [restartedMain] c.u.j.c.StringEncryptorBuilder           : Encryptor config not found for property jasypt.encryptor.provider-class-name, using default value: null
2025-09-07 18:25:47.045  INFO 29392 --- [restartedMain] c.u.j.c.StringEncryptorBuilder           : Encryptor config not found for property jasypt.encryptor.salt-generator-classname, using default value: org.jasypt.salt.RandomSaltGenerator
2025-09-07 18:25:47.046  INFO 29392 --- [restartedMain] c.u.j.c.StringEncryptorBuilder           : Encryptor config not found for property jasypt.encryptor.iv-generator-classname, using default value: org.jasypt.iv.RandomIvGenerator
2025-09-07 18:25:47.046  INFO 29392 --- [restartedMain] c.u.j.c.StringEncryptorBuilder           : Encryptor config not found for property jasypt.encryptor.string-output-type, using default value: base64
2025-09-07 18:25:47.240  WARN 29392 --- [restartedMain] o.s.s.c.a.web.builders.WebSecurity       : You are asking Spring Security to ignore Ant [pattern='/static/**']. This is not recommended -- please use permitAll via HttpSecurity#authorizeHttpRequests instead.
2025-09-07 18:25:47.240  INFO 29392 --- [restartedMain] o.s.s.web.DefaultSecurityFilterChain     : Will not secure Ant [pattern='/static/**']
2025-09-07 18:25:47.240  WARN 29392 --- [restartedMain] o.s.s.c.a.web.builders.WebSecurity       : You are asking Spring Security to ignore Ant [pattern='/js/**']. This is not recommended -- please use permitAll via HttpSecurity#authorizeHttpRequests instead.
2025-09-07 18:25:47.240  INFO 29392 --- [restartedMain] o.s.s.web.DefaultSecurityFilterChain     : Will not secure Ant [pattern='/js/**']
2025-09-07 18:25:47.240  WARN 29392 --- [restartedMain] o.s.s.c.a.web.builders.WebSecurity       : You are asking Spring Security to ignore Ant [pattern='/images/**']. This is not recommended -- please use permitAll via HttpSecurity#authorizeHttpRequests instead.
2025-09-07 18:25:47.240  INFO 29392 --- [restartedMain] o.s.s.web.DefaultSecurityFilterChain     : Will not secure Ant [pattern='/images/**']
2025-09-07 18:25:47.240  WARN 29392 --- [restartedMain] o.s.s.c.a.web.builders.WebSecurity       : You are asking Spring Security to ignore Ant [pattern='/css/**']. This is not recommended -- please use permitAll via HttpSecurity#authorizeHttpRequests instead.
2025-09-07 18:25:47.240  INFO 29392 --- [restartedMain] o.s.s.web.DefaultSecurityFilterChain     : Will not secure Ant [pattern='/css/**']
2025-09-07 18:25:47.240  WARN 29392 --- [restartedMain] o.s.s.c.a.web.builders.WebSecurity       : You are asking Spring Security to ignore Ant [pattern='/lib/**']. This is not recommended -- please use permitAll via HttpSecurity#authorizeHttpRequests instead.
2025-09-07 18:25:47.240  INFO 29392 --- [restartedMain] o.s.s.web.DefaultSecurityFilterChain     : Will not secure Ant [pattern='/lib/**']
2025-09-07 18:25:47.240  WARN 29392 --- [restartedMain] o.s.s.c.a.web.builders.WebSecurity       : You are asking Spring Security to ignore Ant [pattern='/ace-builds-master/**']. This is not recommended -- please use permitAll via HttpSecurity#authorizeHttpRequests instead.
2025-09-07 18:25:47.241  INFO 29392 --- [restartedMain] o.s.s.web.DefaultSecurityFilterChain     : Will not secure Ant [pattern='/ace-builds-master/**']
2025-09-07 18:25:47.241  WARN 29392 --- [restartedMain] o.s.s.c.a.web.builders.WebSecurity       : You are asking Spring Security to ignore Ant [pattern='/fonts/**']. This is not recommended -- please use permitAll via HttpSecurity#authorizeHttpRequests instead.
2025-09-07 18:25:47.241  INFO 29392 --- [restartedMain] o.s.s.web.DefaultSecurityFilterChain     : Will not secure Ant [pattern='/fonts/**']
2025-09-07 18:25:47.241  WARN 29392 --- [restartedMain] o.s.s.c.a.web.builders.WebSecurity       : You are asking Spring Security to ignore Ant [pattern='/pictures/**']. This is not recommended -- please use permitAll via HttpSecurity#authorizeHttpRequests instead.
2025-09-07 18:25:47.241  INFO 29392 --- [restartedMain] o.s.s.web.DefaultSecurityFilterChain     : Will not secure Ant [pattern='/pictures/**']
2025-09-07 18:25:47.241  WARN 29392 --- [restartedMain] o.s.s.c.a.web.builders.WebSecurity       : You are asking Spring Security to ignore Ant [pattern='/resultPic/**']. This is not recommended -- please use permitAll via HttpSecurity#authorizeHttpRequests instead.
2025-09-07 18:25:47.241  INFO 29392 --- [restartedMain] o.s.s.web.DefaultSecurityFilterChain     : Will not secure Ant [pattern='/resultPic/**']
2025-09-07 18:25:47.258  INFO 29392 --- [restartedMain] o.s.s.web.DefaultSecurityFilterChain     : Will secure any request with [org.springframework.security.web.context.request.async.WebAsyncManagerIntegrationFilter@7e9119d, org.springframework.security.web.context.SecurityContextPersistenceFilter@15b867c9, org.springframework.security.web.header.HeaderWriterFilter@4cda329b, org.springframework.security.web.authentication.logout.LogoutFilter@337fef9d, org.springframework.security.web.authentication.UsernamePasswordAuthenticationFilter@3021bf63, org.springframework.security.web.savedrequest.RequestCacheAwareFilter@244c5295, org.springframework.security.web.servletapi.SecurityContextHolderAwareRequestFilter@399ff26d, org.springframework.security.web.authentication.AnonymousAuthenticationFilter@68a55a32, org.springframework.security.web.session.SessionManagementFilter@4a32dbd3, org.springframework.security.web.access.ExceptionTranslationFilter@38112a89, org.springframework.security.web.access.intercept.FilterSecurityInterceptor@3cf8e491]
2025-09-07 18:25:47.269  INFO 29392 --- [restartedMain] pertySourcedRequestMappingHandlerMapping : Mapped URL path [/v2/api-docs] onto method [springfox.documentation.swagger2.web.Swagger2Controller#getDocumentation(String, HttpServletRequest)]
2025-09-07 18:25:47.310  INFO 29392 --- [restartedMain] o.s.b.d.a.OptionalLiveReloadServer       : LiveReload server is running on port 35729
2025-09-07 18:25:47.405  INFO 29392 --- [restartedMain] o.s.b.w.embedded.tomcat.TomcatWebServer  : Tomcat started on port(s): 8001 (http) with context path ''
2025-09-07 18:25:47.405  INFO 29392 --- [restartedMain] u.j.c.RefreshScopeRefreshedEventListener : Refreshing cached encryptable property sources on ServletWebServerInitializedEvent
2025-09-07 18:25:47.405  INFO 29392 --- [restartedMain] CachingDelegateEncryptablePropertySource : Property Source systemProperties refreshed
2025-09-07 18:25:47.405  INFO 29392 --- [restartedMain] CachingDelegateEncryptablePropertySource : Property Source systemEnvironment refreshed
2025-09-07 18:25:47.405  INFO 29392 --- [restartedMain] CachingDelegateEncryptablePropertySource : Property Source random refreshed
2025-09-07 18:25:47.405  INFO 29392 --- [restartedMain] CachingDelegateEncryptablePropertySource : Property Source Config resource 'class path resource [application-dev.yml]' via location 'optional:classpath:/' refreshed
2025-09-07 18:25:47.405  INFO 29392 --- [restartedMain] CachingDelegateEncryptablePropertySource : Property Source Config resource 'class path resource [application.yml]' via location 'optional:classpath:/' refreshed
2025-09-07 18:25:47.405  INFO 29392 --- [restartedMain] CachingDelegateEncryptablePropertySource : Property Source devtools refreshed
2025-09-07 18:25:47.405  INFO 29392 --- [restartedMain] c.u.j.EncryptablePropertySourceConverter : Converting PropertySource server.ports [org.springframework.core.env.MapPropertySource] to EncryptableMapPropertySourceWrapper
2025-09-07 18:25:47.405  INFO 29392 --- [restartedMain] c.u.j.EncryptablePropertySourceConverter : Skipping PropertySource configurationProperties [class org.springframework.boot.context.properties.source.ConfigurationPropertySourcesPropertySource
2025-09-07 18:25:47.405  INFO 29392 --- [restartedMain] c.u.j.EncryptablePropertySourceConverter : Skipping PropertySource servletConfigInitParams [class org.springframework.core.env.PropertySource$StubPropertySource
2025-09-07 18:25:47.405  INFO 29392 --- [restartedMain] c.u.j.EncryptablePropertySourceConverter : Converting PropertySource servletContextInitParams [org.springframework.web.context.support.ServletContextPropertySource] to EncryptableEnumerablePropertySourceWrapper
2025-09-07 18:25:47.406  INFO 29392 --- [restartedMain] d.s.w.p.DocumentationPluginsBootstrapper : Context refreshed
2025-09-07 18:25:47.406  INFO 29392 --- [restartedMain] d.s.w.p.DocumentationPluginsBootstrapper : Found 1 custom documentation plugin(s)
2025-09-07 18:25:47.410  INFO 29392 --- [restartedMain] s.d.s.w.s.ApiListingReferenceScanner     : Scanning for api listing references
2025-09-07 18:25:47.458  INFO 29392 --- [restartedMain] .d.s.w.r.o.CachingOperationNameGenerator : Generating unique operation named: showExpEntityUsingGET_1
2025-09-07 18:25:47.527  INFO 29392 --- [restartedMain] .d.s.w.r.o.CachingOperationNameGenerator : Generating unique operation named: getGtoeUsingGET_1
2025-09-07 18:25:47.540  INFO 29392 --- [restartedMain] com.newdmsp.demo.DemoApplication         : Started DemoApplication in 0.859 seconds (JVM running for 191.769)
2025-09-07 18:25:47.542  INFO 29392 --- [restartedMain] .ConditionEvaluationDeltaLoggingListener : Condition evaluation unchanged
2025-09-07 18:25:53.468  INFO 29392 --- [http-nio-8001-exec-1] o.a.c.c.C.[Tomcat].[localhost].[/]       : Initializing Spring DispatcherServlet 'dispatcherServlet'
2025-09-07 18:25:53.468  INFO 29392 --- [http-nio-8001-exec-1] o.s.web.servlet.DispatcherServlet        : Initializing Servlet 'dispatcherServlet'
2025-09-07 18:25:53.469  INFO 29392 --- [http-nio-8001-exec-1] o.s.web.servlet.DispatcherServlet        : Completed initialization in 1 ms
2025-09-07 18:25:53.528 ERROR 29392 --- [http-nio-8001-exec-1] org.thymeleaf.TemplateEngine             : [THYMELEAF][http-nio-8001-exec-1] Exception processing template "index": An error happened during template parsing (template: "class path resource [templates/index.html]")

org.thymeleaf.exceptions.TemplateInputException: An error happened during template parsing (template: "class path resource [templates/index.html]")
	at org.thymeleaf.templateparser.markup.AbstractMarkupTemplateParser.parse(AbstractMarkupTemplateParser.java:241) ~[thymeleaf-3.0.15.RELEASE.jar:3.0.15.RELEASE]
	at org.thymeleaf.templateparser.markup.AbstractMarkupTemplateParser.parseStandalone(AbstractMarkupTemplateParser.java:100) ~[thymeleaf-3.0.15.RELEASE.jar:3.0.15.RELEASE]
	at org.thymeleaf.engine.TemplateManager.parseAndProcess(TemplateManager.java:666) ~[thymeleaf-3.0.15.RELEASE.jar:3.0.15.RELEASE]
	at org.thymeleaf.TemplateEngine.process(TemplateEngine.java:1098) ~[thymeleaf-3.0.15.RELEASE.jar:3.0.15.RELEASE]
	at org.thymeleaf.TemplateEngine.process(TemplateEngine.java:1072) ~[thymeleaf-3.0.15.RELEASE.jar:3.0.15.RELEASE]
	at org.thymeleaf.spring5.view.ThymeleafView.renderFragment(ThymeleafView.java:366) ~[thymeleaf-spring5-3.0.15.RELEASE.jar:3.0.15.RELEASE]
	at org.thymeleaf.spring5.view.ThymeleafView.render(ThymeleafView.java:190) ~[thymeleaf-spring5-3.0.15.RELEASE.jar:3.0.15.RELEASE]
	at org.springframework.web.servlet.DispatcherServlet.render(DispatcherServlet.java:1401) ~[spring-webmvc-5.3.20.jar:5.3.20]
	at org.springframework.web.servlet.DispatcherServlet.processDispatchResult(DispatcherServlet.java:1145) ~[spring-webmvc-5.3.20.jar:5.3.20]
	at org.springframework.web.servlet.DispatcherServlet.doDispatch(DispatcherServlet.java:1084) ~[spring-webmvc-5.3.20.jar:5.3.20]
	at org.springframework.web.servlet.DispatcherServlet.doService(DispatcherServlet.java:963) ~[spring-webmvc-5.3.20.jar:5.3.20]
	at org.springframework.web.servlet.FrameworkServlet.processRequest(FrameworkServlet.java:1006) ~[spring-webmvc-5.3.20.jar:5.3.20]
	at org.springframework.web.servlet.FrameworkServlet.doGet(FrameworkServlet.java:898) ~[spring-webmvc-5.3.20.jar:5.3.20]
	at javax.servlet.http.HttpServlet.service(HttpServlet.java:655) ~[tomcat-embed-core-9.0.63.jar:4.0.FR]
	at org.springframework.web.servlet.FrameworkServlet.service(FrameworkServlet.java:883) ~[spring-webmvc-5.3.20.jar:5.3.20]
	at javax.servlet.http.HttpServlet.service(HttpServlet.java:764) ~[tomcat-embed-core-9.0.63.jar:4.0.FR]
	at org.apache.catalina.core.ApplicationFilterChain.internalDoFilter(ApplicationFilterChain.java:227) ~[tomcat-embed-core-9.0.63.jar:9.0.63]
	at org.apache.catalina.core.ApplicationFilterChain.doFilter(ApplicationFilterChain.java:162) ~[tomcat-embed-core-9.0.63.jar:9.0.63]
	at org.apache.tomcat.websocket.server.WsFilter.doFilter(WsFilter.java:53) ~[tomcat-embed-websocket-9.0.63.jar:9.0.63]
	at org.apache.catalina.core.ApplicationFilterChain.internalDoFilter(ApplicationFilterChain.java:189) ~[tomcat-embed-core-9.0.63.jar:9.0.63]
	at org.apache.catalina.core.ApplicationFilterChain.doFilter(ApplicationFilterChain.java:162) ~[tomcat-embed-core-9.0.63.jar:9.0.63]
	at org.springframework.security.web.FilterChainProxy$VirtualFilterChain.doFilter(FilterChainProxy.java:327) ~[spring-security-web-5.6.5.jar:5.6.5]
	at org.springframework.security.web.access.intercept.FilterSecurityInterceptor.invoke(FilterSecurityInterceptor.java:115) ~[spring-security-web-5.6.5.jar:5.6.5]
	at org.springframework.security.web.access.intercept.FilterSecurityInterceptor.doFilter(FilterSecurityInterceptor.java:81) ~[spring-security-web-5.6.5.jar:5.6.5]
	at org.springframework.security.web.FilterChainProxy$VirtualFilterChain.doFilter(FilterChainProxy.java:336) ~[spring-security-web-5.6.5.jar:5.6.5]
	at org.springframework.security.web.access.ExceptionTranslationFilter.doFilter(ExceptionTranslationFilter.java:122) ~[spring-security-web-5.6.5.jar:5.6.5]
	at org.springframework.security.web.access.ExceptionTranslationFilter.doFilter(ExceptionTranslationFilter.java:116) ~[spring-security-web-5.6.5.jar:5.6.5]
	at org.springframework.security.web.FilterChainProxy$VirtualFilterChain.doFilter(FilterChainProxy.java:336) ~[spring-security-web-5.6.5.jar:5.6.5]
	at org.springframework.security.web.session.SessionManagementFilter.doFilter(SessionManagementFilter.java:126) ~[spring-security-web-5.6.5.jar:5.6.5]
	at org.springframework.security.web.session.SessionManagementFilter.doFilter(SessionManagementFilter.java:81) ~[spring-security-web-5.6.5.jar:5.6.5]
	at org.springframework.security.web.FilterChainProxy$VirtualFilterChain.doFilter(FilterChainProxy.java:336) ~[spring-security-web-5.6.5.jar:5.6.5]
	at org.springframework.security.web.authentication.AnonymousAuthenticationFilter.doFilter(AnonymousAuthenticationFilter.java:109) ~[spring-security-web-5.6.5.jar:5.6.5]
	at org.springframework.security.web.FilterChainProxy$VirtualFilterChain.doFilter(FilterChainProxy.java:336) ~[spring-security-web-5.6.5.jar:5.6.5]
	at org.springframework.security.web.servletapi.SecurityContextHolderAwareRequestFilter.doFilter(SecurityContextHolderAwareRequestFilter.java:149) ~[spring-security-web-5.6.5.jar:5.6.5]
	at org.springframework.security.web.FilterChainProxy$VirtualFilterChain.doFilter(FilterChainProxy.java:336) ~[spring-security-web-5.6.5.jar:5.6.5]
	at org.springframework.security.web.savedrequest.RequestCacheAwareFilter.doFilter(RequestCacheAwareFilter.java:63) ~[spring-security-web-5.6.5.jar:5.6.5]
	at org.springframework.security.web.FilterChainProxy$VirtualFilterChain.doFilter(FilterChainProxy.java:336) ~[spring-security-web-5.6.5.jar:5.6.5]
	at org.springframework.security.web.authentication.AbstractAuthenticationProcessingFilter.doFilter(AbstractAuthenticationProcessingFilter.java:219) ~[spring-security-web-5.6.5.jar:5.6.5]
	at org.springframework.security.web.authentication.AbstractAuthenticationProcessingFilter.doFilter(AbstractAuthenticationProcessingFilter.java:213) ~[spring-security-web-5.6.5.jar:5.6.5]
	at org.springframework.security.web.FilterChainProxy$VirtualFilterChain.doFilter(FilterChainProxy.java:336) ~[spring-security-web-5.6.5.jar:5.6.5]
	at org.springframework.security.web.authentication.logout.LogoutFilter.doFilter(LogoutFilter.java:103) ~[spring-security-web-5.6.5.jar:5.6.5]
	at org.springframework.security.web.authentication.logout.LogoutFilter.doFilter(LogoutFilter.java:89) ~[spring-security-web-5.6.5.jar:5.6.5]
	at org.springframework.security.web.FilterChainProxy$VirtualFilterChain.doFilter(FilterChainProxy.java:336) ~[spring-security-web-5.6.5.jar:5.6.5]
	at org.springframework.security.web.header.HeaderWriterFilter.doHeadersAfter(HeaderWriterFilter.java:90) ~[spring-security-web-5.6.5.jar:5.6.5]
	at org.springframework.security.web.header.HeaderWriterFilter.doFilterInternal(HeaderWriterFilter.java:75) ~[spring-security-web-5.6.5.jar:5.6.5]
	at org.springframework.web.filter.OncePerRequestFilter.doFilter(OncePerRequestFilter.java:117) ~[spring-web-5.3.20.jar:5.3.20]
	at org.springframework.security.web.FilterChainProxy$VirtualFilterChain.doFilter(FilterChainProxy.java:336) ~[spring-security-web-5.6.5.jar:5.6.5]
	at org.springframework.security.web.context.SecurityContextPersistenceFilter.doFilter(SecurityContextPersistenceFilter.java:110) ~[spring-security-web-5.6.5.jar:5.6.5]
	at org.springframework.security.web.context.SecurityContextPersistenceFilter.doFilter(SecurityContextPersistenceFilter.java:80) ~[spring-security-web-5.6.5.jar:5.6.5]
	at org.springframework.security.web.FilterChainProxy$VirtualFilterChain.doFilter(FilterChainProxy.java:336) ~[spring-security-web-5.6.5.jar:5.6.5]
	at org.springframework.security.web.context.request.async.WebAsyncManagerIntegrationFilter.doFilterInternal(WebAsyncManagerIntegrationFilter.java:55) ~[spring-security-web-5.6.5.jar:5.6.5]
	at org.springframework.web.filter.OncePerRequestFilter.doFilter(OncePerRequestFilter.java:117) ~[spring-web-5.3.20.jar:5.3.20]
	at org.springframework.security.web.FilterChainProxy$VirtualFilterChain.doFilter(FilterChainProxy.java:336) ~[spring-security-web-5.6.5.jar:5.6.5]
	at org.springframework.security.web.FilterChainProxy.doFilterInternal(FilterChainProxy.java:211) ~[spring-security-web-5.6.5.jar:5.6.5]
	at org.springframework.security.web.FilterChainProxy.doFilter(FilterChainProxy.java:183) ~[spring-security-web-5.6.5.jar:5.6.5]
	at org.springframework.web.filter.DelegatingFilterProxy.invokeDelegate(DelegatingFilterProxy.java:354) ~[spring-web-5.3.20.jar:5.3.20]
	at org.springframework.web.filter.DelegatingFilterProxy.doFilter(DelegatingFilterProxy.java:267) ~[spring-web-5.3.20.jar:5.3.20]
	at org.apache.catalina.core.ApplicationFilterChain.internalDoFilter(ApplicationFilterChain.java:189) ~[tomcat-embed-core-9.0.63.jar:9.0.63]
	at org.apache.catalina.core.ApplicationFilterChain.doFilter(ApplicationFilterChain.java:162) ~[tomcat-embed-core-9.0.63.jar:9.0.63]
	at org.springframework.web.filter.CharacterEncodingFilter.doFilterInternal(CharacterEncodingFilter.java:201) ~[spring-web-5.3.20.jar:5.3.20]
	at org.springframework.web.filter.OncePerRequestFilter.doFilter(OncePerRequestFilter.java:117) ~[spring-web-5.3.20.jar:5.3.20]
	at org.apache.catalina.core.ApplicationFilterChain.internalDoFilter(ApplicationFilterChain.java:189) ~[tomcat-embed-core-9.0.63.jar:9.0.63]
	at org.apache.catalina.core.ApplicationFilterChain.doFilter(ApplicationFilterChain.java:162) ~[tomcat-embed-core-9.0.63.jar:9.0.63]
	at org.apache.catalina.core.StandardWrapperValve.invoke(StandardWrapperValve.java:197) ~[tomcat-embed-core-9.0.63.jar:9.0.63]
	at org.apache.catalina.core.StandardContextValve.invoke(StandardContextValve.java:97) ~[tomcat-embed-core-9.0.63.jar:9.0.63]
	at org.apache.catalina.authenticator.AuthenticatorBase.invoke(AuthenticatorBase.java:541) ~[tomcat-embed-core-9.0.63.jar:9.0.63]
	at org.apache.catalina.core.StandardHostValve.invoke(StandardHostValve.java:135) ~[tomcat-embed-core-9.0.63.jar:9.0.63]
	at org.apache.catalina.valves.ErrorReportValve.invoke(ErrorReportValve.java:92) ~[tomcat-embed-core-9.0.63.jar:9.0.63]
	at org.apache.catalina.core.StandardEngineValve.invoke(StandardEngineValve.java:78) ~[tomcat-embed-core-9.0.63.jar:9.0.63]
	at org.apache.catalina.connector.CoyoteAdapter.service(CoyoteAdapter.java:360) ~[tomcat-embed-core-9.0.63.jar:9.0.63]
	at org.apache.coyote.http11.Http11Processor.service(Http11Processor.java:399) ~[tomcat-embed-core-9.0.63.jar:9.0.63]
	at org.apache.coyote.AbstractProcessorLight.process(AbstractProcessorLight.java:65) ~[tomcat-embed-core-9.0.63.jar:9.0.63]
	at org.apache.coyote.AbstractProtocol$ConnectionHandler.process(AbstractProtocol.java:890) ~[tomcat-embed-core-9.0.63.jar:9.0.63]
	at org.apache.tomcat.util.net.NioEndpoint$SocketProcessor.doRun(NioEndpoint.java:1743) ~[tomcat-embed-core-9.0.63.jar:9.0.63]
	at org.apache.tomcat.util.net.SocketProcessorBase.run(SocketProcessorBase.java:49) ~[tomcat-embed-core-9.0.63.jar:9.0.63]
	at org.apache.tomcat.util.threads.ThreadPoolExecutor.runWorker(ThreadPoolExecutor.java:1191) ~[tomcat-embed-core-9.0.63.jar:9.0.63]
	at org.apache.tomcat.util.threads.ThreadPoolExecutor$Worker.run(ThreadPoolExecutor.java:659) ~[tomcat-embed-core-9.0.63.jar:9.0.63]
	at org.apache.tomcat.util.threads.TaskThread$WrappingRunnable.run(TaskThread.java:61) ~[tomcat-embed-core-9.0.63.jar:9.0.63]
	at java.base/java.lang.Thread.run(Thread.java:842) ~[na:na]
Caused by: org.attoparser.ParseException: Exception evaluating SpringEL expression: "session.loginUser.getRealname()" (template: "index" - line 34, col 36)
	at org.attoparser.MarkupParser.parseDocument(MarkupParser.java:393) ~[attoparser-2.0.5.RELEASE.jar:2.0.5.RELEASE]
	at org.attoparser.MarkupParser.parse(MarkupParser.java:257) ~[attoparser-2.0.5.RELEASE.jar:2.0.5.RELEASE]
	at org.thymeleaf.templateparser.markup.AbstractMarkupTemplateParser.parse(AbstractMarkupTemplateParser.java:230) ~[thymeleaf-3.0.15.RELEASE.jar:3.0.15.RELEASE]
	... 78 common frames omitted
Caused by: org.thymeleaf.exceptions.TemplateProcessingException: Exception evaluating SpringEL expression: "session.loginUser.getRealname()" (template: "index" - line 34, col 36)
	at org.thymeleaf.spring5.expression.SPELVariableExpressionEvaluator.evaluate(SPELVariableExpressionEvaluator.java:292) ~[thymeleaf-spring5-3.0.15.RELEASE.jar:3.0.15.RELEASE]
	at org.thymeleaf.standard.expression.VariableExpression.executeVariableExpression(VariableExpression.java:166) ~[thymeleaf-3.0.15.RELEASE.jar:3.0.15.RELEASE]
	at org.thymeleaf.standard.expression.SimpleExpression.executeSimple(SimpleExpression.java:66) ~[thymeleaf-3.0.15.RELEASE.jar:3.0.15.RELEASE]
	at org.thymeleaf.standard.expression.Expression.execute(Expression.java:109) ~[thymeleaf-3.0.15.RELEASE.jar:3.0.15.RELEASE]
	at org.thymeleaf.standard.expression.Expression.execute(Expression.java:138) ~[thymeleaf-3.0.15.RELEASE.jar:3.0.15.RELEASE]
	at org.thymeleaf.standard.processor.AbstractStandardExpressionAttributeTagProcessor.doProcess(AbstractStandardExpressionAttributeTagProcessor.java:144) ~[thymeleaf-3.0.15.RELEASE.jar:3.0.15.RELEASE]
	at org.thymeleaf.processor.element.AbstractAttributeTagProcessor.doProcess(AbstractAttributeTagProcessor.java:74) ~[thymeleaf-3.0.15.RELEASE.jar:3.0.15.RELEASE]
	at org.thymeleaf.processor.element.AbstractElementTagProcessor.process(AbstractElementTagProcessor.java:95) ~[thymeleaf-3.0.15.RELEASE.jar:3.0.15.RELEASE]
	at org.thymeleaf.util.ProcessorConfigurationUtils$ElementTagProcessorWrapper.process(ProcessorConfigurationUtils.java:633) ~[thymeleaf-3.0.15.RELEASE.jar:3.0.15.RELEASE]
	at org.thymeleaf.engine.ProcessorTemplateHandler.handleOpenElement(ProcessorTemplateHandler.java:1314) ~[thymeleaf-3.0.15.RELEASE.jar:3.0.15.RELEASE]
	at org.thymeleaf.engine.TemplateHandlerAdapterMarkupHandler.handleOpenElementEnd(TemplateHandlerAdapterMarkupHandler.java:304) ~[thymeleaf-3.0.15.RELEASE.jar:3.0.15.RELEASE]
	at org.thymeleaf.templateparser.markup.InlinedOutputExpressionMarkupHandler$InlineMarkupAdapterPreProcessorHandler.handleOpenElementEnd(InlinedOutputExpressionMarkupHandler.java:278) ~[thymeleaf-3.0.15.RELEASE.jar:3.0.15.RELEASE]
	at org.thymeleaf.standard.inline.OutputExpressionInlinePreProcessorHandler.handleOpenElementEnd(OutputExpressionInlinePreProcessorHandler.java:186) ~[thymeleaf-3.0.15.RELEASE.jar:3.0.15.RELEASE]
	at org.thymeleaf.templateparser.markup.InlinedOutputExpressionMarkupHandler.handleOpenElementEnd(InlinedOutputExpressionMarkupHandler.java:124) ~[thymeleaf-3.0.15.RELEASE.jar:3.0.15.RELEASE]
	at org.attoparser.HtmlElement.handleOpenElementEnd(HtmlElement.java:109) ~[attoparser-2.0.5.RELEASE.jar:2.0.5.RELEASE]
	at org.attoparser.HtmlMarkupHandler.handleOpenElementEnd(HtmlMarkupHandler.java:297) ~[attoparser-2.0.5.RELEASE.jar:2.0.5.RELEASE]
	at org.attoparser.MarkupEventProcessorHandler.handleOpenElementEnd(MarkupEventProcessorHandler.java:402) ~[attoparser-2.0.5.RELEASE.jar:2.0.5.RELEASE]
	at org.attoparser.ParsingElementMarkupUtil.parseOpenElement(ParsingElementMarkupUtil.java:159) ~[attoparser-2.0.5.RELEASE.jar:2.0.5.RELEASE]
	at org.attoparser.MarkupParser.parseBuffer(MarkupParser.java:710) ~[attoparser-2.0.5.RELEASE.jar:2.0.5.RELEASE]
	at org.attoparser.MarkupParser.parseDocument(MarkupParser.java:301) ~[attoparser-2.0.5.RELEASE.jar:2.0.5.RELEASE]
	... 80 common frames omitted
Caused by: org.springframework.expression.spel.SpelEvaluationException: EL1011E: Method call: Attempted to call method getRealname() on null context object
	at org.springframework.expression.spel.ast.MethodReference.throwIfNotNullSafe(MethodReference.java:154) ~[spring-expression-5.3.20.jar:5.3.20]
	at org.springframework.expression.spel.ast.MethodReference.getValueRef(MethodReference.java:83) ~[spring-expression-5.3.20.jar:5.3.20]
	at org.springframework.expression.spel.ast.CompoundExpression.getValueRef(CompoundExpression.java:70) ~[spring-expression-5.3.20.jar:5.3.20]
	at org.springframework.expression.spel.ast.CompoundExpression.getValueInternal(CompoundExpression.java:91) ~[spring-expression-5.3.20.jar:5.3.20]
	at org.springframework.expression.spel.ast.SpelNodeImpl.getValue(SpelNodeImpl.java:112) ~[spring-expression-5.3.20.jar:5.3.20]
	at org.springframework.expression.spel.standard.SpelExpression.getValue(SpelExpression.java:338) ~[spring-expression-5.3.20.jar:5.3.20]
	at org.thymeleaf.spring5.expression.SPELVariableExpressionEvaluator.evaluate(SPELVariableExpressionEvaluator.java:265) ~[thymeleaf-spring5-3.0.15.RELEASE.jar:3.0.15.RELEASE]
	... 99 common frames omitted

2025-09-07 18:25:53.530 ERROR 29392 --- [http-nio-8001-exec-1] o.a.c.c.C.[.[.[/].[dispatcherServlet]    : Servlet.service() for servlet [dispatcherServlet] in context with path [] threw exception [Request processing failed; nested exception is org.thymeleaf.exceptions.TemplateInputException: An error happened during template parsing (template: "class path resource [templates/index.html]")] with root cause

org.springframework.expression.spel.SpelEvaluationException: EL1011E: Method call: Attempted to call method getRealname() on null context object
	at org.springframework.expression.spel.ast.MethodReference.throwIfNotNullSafe(MethodReference.java:154) ~[spring-expression-5.3.20.jar:5.3.20]
	at org.springframework.expression.spel.ast.MethodReference.getValueRef(MethodReference.java:83) ~[spring-expression-5.3.20.jar:5.3.20]
	at org.springframework.expression.spel.ast.CompoundExpression.getValueRef(CompoundExpression.java:70) ~[spring-expression-5.3.20.jar:5.3.20]
	at org.springframework.expression.spel.ast.CompoundExpression.getValueInternal(CompoundExpression.java:91) ~[spring-expression-5.3.20.jar:5.3.20]
	at org.springframework.expression.spel.ast.SpelNodeImpl.getValue(SpelNodeImpl.java:112) ~[spring-expression-5.3.20.jar:5.3.20]
	at org.springframework.expression.spel.standard.SpelExpression.getValue(SpelExpression.java:338) ~[spring-expression-5.3.20.jar:5.3.20]
	at org.thymeleaf.spring5.expression.SPELVariableExpressionEvaluator.evaluate(SPELVariableExpressionEvaluator.java:265) ~[thymeleaf-spring5-3.0.15.RELEASE.jar:3.0.15.RELEASE]
	at org.thymeleaf.standard.expression.VariableExpression.executeVariableExpression(VariableExpression.java:166) ~[thymeleaf-3.0.15.RELEASE.jar:3.0.15.RELEASE]
	at org.thymeleaf.standard.expression.SimpleExpression.executeSimple(SimpleExpression.java:66) ~[thymeleaf-3.0.15.RELEASE.jar:3.0.15.RELEASE]
	at org.thymeleaf.standard.expression.Expression.execute(Expression.java:109) ~[thymeleaf-3.0.15.RELEASE.jar:3.0.15.RELEASE]
	at org.thymeleaf.standard.expression.Expression.execute(Expression.java:138) ~[thymeleaf-3.0.15.RELEASE.jar:3.0.15.RELEASE]
	at org.thymeleaf.standard.processor.AbstractStandardExpressionAttributeTagProcessor.doProcess(AbstractStandardExpressionAttributeTagProcessor.java:144) ~[thymeleaf-3.0.15.RELEASE.jar:3.0.15.RELEASE]
	at org.thymeleaf.processor.element.AbstractAttributeTagProcessor.doProcess(AbstractAttributeTagProcessor.java:74) ~[thymeleaf-3.0.15.RELEASE.jar:3.0.15.RELEASE]
	at org.thymeleaf.processor.element.AbstractElementTagProcessor.process(AbstractElementTagProcessor.java:95) ~[thymeleaf-3.0.15.RELEASE.jar:3.0.15.RELEASE]
	at org.thymeleaf.util.ProcessorConfigurationUtils$ElementTagProcessorWrapper.process(ProcessorConfigurationUtils.java:633) ~[thymeleaf-3.0.15.RELEASE.jar:3.0.15.RELEASE]
	at org.thymeleaf.engine.ProcessorTemplateHandler.handleOpenElement(ProcessorTemplateHandler.java:1314) ~[thymeleaf-3.0.15.RELEASE.jar:3.0.15.RELEASE]
	at org.thymeleaf.engine.TemplateHandlerAdapterMarkupHandler.handleOpenElementEnd(TemplateHandlerAdapterMarkupHandler.java:304) ~[thymeleaf-3.0.15.RELEASE.jar:3.0.15.RELEASE]
	at org.thymeleaf.templateparser.markup.InlinedOutputExpressionMarkupHandler$InlineMarkupAdapterPreProcessorHandler.handleOpenElementEnd(InlinedOutputExpressionMarkupHandler.java:278) ~[thymeleaf-3.0.15.RELEASE.jar:3.0.15.RELEASE]
	at org.thymeleaf.standard.inline.OutputExpressionInlinePreProcessorHandler.handleOpenElementEnd(OutputExpressionInlinePreProcessorHandler.java:186) ~[thymeleaf-3.0.15.RELEASE.jar:3.0.15.RELEASE]
	at org.thymeleaf.templateparser.markup.InlinedOutputExpressionMarkupHandler.handleOpenElementEnd(InlinedOutputExpressionMarkupHandler.java:124) ~[thymeleaf-3.0.15.RELEASE.jar:3.0.15.RELEASE]
	at org.attoparser.HtmlElement.handleOpenElementEnd(HtmlElement.java:109) ~[attoparser-2.0.5.RELEASE.jar:2.0.5.RELEASE]
	at org.attoparser.HtmlMarkupHandler.handleOpenElementEnd(HtmlMarkupHandler.java:297) ~[attoparser-2.0.5.RELEASE.jar:2.0.5.RELEASE]
	at org.attoparser.MarkupEventProcessorHandler.handleOpenElementEnd(MarkupEventProcessorHandler.java:402) ~[attoparser-2.0.5.RELEASE.jar:2.0.5.RELEASE]
	at org.attoparser.ParsingElementMarkupUtil.parseOpenElement(ParsingElementMarkupUtil.java:159) ~[attoparser-2.0.5.RELEASE.jar:2.0.5.RELEASE]
	at org.attoparser.MarkupParser.parseBuffer(MarkupParser.java:710) ~[attoparser-2.0.5.RELEASE.jar:2.0.5.RELEASE]
	at org.attoparser.MarkupParser.parseDocument(MarkupParser.java:301) ~[attoparser-2.0.5.RELEASE.jar:2.0.5.RELEASE]
	at org.attoparser.MarkupParser.parse(MarkupParser.java:257) ~[attoparser-2.0.5.RELEASE.jar:2.0.5.RELEASE]
	at org.thymeleaf.templateparser.markup.AbstractMarkupTemplateParser.parse(AbstractMarkupTemplateParser.java:230) ~[thymeleaf-3.0.15.RELEASE.jar:3.0.15.RELEASE]
	at org.thymeleaf.templateparser.markup.AbstractMarkupTemplateParser.parseStandalone(AbstractMarkupTemplateParser.java:100) ~[thymeleaf-3.0.15.RELEASE.jar:3.0.15.RELEASE]
	at org.thymeleaf.engine.TemplateManager.parseAndProcess(TemplateManager.java:666) ~[thymeleaf-3.0.15.RELEASE.jar:3.0.15.RELEASE]
	at org.thymeleaf.TemplateEngine.process(TemplateEngine.java:1098) ~[thymeleaf-3.0.15.RELEASE.jar:3.0.15.RELEASE]
	at org.thymeleaf.TemplateEngine.process(TemplateEngine.java:1072) ~[thymeleaf-3.0.15.RELEASE.jar:3.0.15.RELEASE]
	at org.thymeleaf.spring5.view.ThymeleafView.renderFragment(ThymeleafView.java:366) ~[thymeleaf-spring5-3.0.15.RELEASE.jar:3.0.15.RELEASE]
	at org.thymeleaf.spring5.view.ThymeleafView.render(ThymeleafView.java:190) ~[thymeleaf-spring5-3.0.15.RELEASE.jar:3.0.15.RELEASE]
	at org.springframework.web.servlet.DispatcherServlet.render(DispatcherServlet.java:1401) ~[spring-webmvc-5.3.20.jar:5.3.20]
	at org.springframework.web.servlet.DispatcherServlet.processDispatchResult(DispatcherServlet.java:1145) ~[spring-webmvc-5.3.20.jar:5.3.20]
	at org.springframework.web.servlet.DispatcherServlet.doDispatch(DispatcherServlet.java:1084) ~[spring-webmvc-5.3.20.jar:5.3.20]
	at org.springframework.web.servlet.DispatcherServlet.doService(DispatcherServlet.java:963) ~[spring-webmvc-5.3.20.jar:5.3.20]
	at org.springframework.web.servlet.FrameworkServlet.processRequest(FrameworkServlet.java:1006) ~[spring-webmvc-5.3.20.jar:5.3.20]
	at org.springframework.web.servlet.FrameworkServlet.doGet(FrameworkServlet.java:898) ~[spring-webmvc-5.3.20.jar:5.3.20]
	at javax.servlet.http.HttpServlet.service(HttpServlet.java:655) ~[tomcat-embed-core-9.0.63.jar:4.0.FR]
	at org.springframework.web.servlet.FrameworkServlet.service(FrameworkServlet.java:883) ~[spring-webmvc-5.3.20.jar:5.3.20]
	at javax.servlet.http.HttpServlet.service(HttpServlet.java:764) ~[tomcat-embed-core-9.0.63.jar:4.0.FR]
	at org.apache.catalina.core.ApplicationFilterChain.internalDoFilter(ApplicationFilterChain.java:227) ~[tomcat-embed-core-9.0.63.jar:9.0.63]
	at org.apache.catalina.core.ApplicationFilterChain.doFilter(ApplicationFilterChain.java:162) ~[tomcat-embed-core-9.0.63.jar:9.0.63]
	at org.apache.tomcat.websocket.server.WsFilter.doFilter(WsFilter.java:53) ~[tomcat-embed-websocket-9.0.63.jar:9.0.63]
	at org.apache.catalina.core.ApplicationFilterChain.internalDoFilter(ApplicationFilterChain.java:189) ~[tomcat-embed-core-9.0.63.jar:9.0.63]
	at org.apache.catalina.core.ApplicationFilterChain.doFilter(ApplicationFilterChain.java:162) ~[tomcat-embed-core-9.0.63.jar:9.0.63]
	at org.springframework.security.web.FilterChainProxy$VirtualFilterChain.doFilter(FilterChainProxy.java:327) ~[spring-security-web-5.6.5.jar:5.6.5]
	at org.springframework.security.web.access.intercept.FilterSecurityInterceptor.invoke(FilterSecurityInterceptor.java:115) ~[spring-security-web-5.6.5.jar:5.6.5]
	at org.springframework.security.web.access.intercept.FilterSecurityInterceptor.doFilter(FilterSecurityInterceptor.java:81) ~[spring-security-web-5.6.5.jar:5.6.5]
	at org.springframework.security.web.FilterChainProxy$VirtualFilterChain.doFilter(FilterChainProxy.java:336) ~[spring-security-web-5.6.5.jar:5.6.5]
	at org.springframework.security.web.access.ExceptionTranslationFilter.doFilter(ExceptionTranslationFilter.java:122) ~[spring-security-web-5.6.5.jar:5.6.5]
	at org.springframework.security.web.access.ExceptionTranslationFilter.doFilter(ExceptionTranslationFilter.java:116) ~[spring-security-web-5.6.5.jar:5.6.5]
	at org.springframework.security.web.FilterChainProxy$VirtualFilterChain.doFilter(FilterChainProxy.java:336) ~[spring-security-web-5.6.5.jar:5.6.5]
	at org.springframework.security.web.session.SessionManagementFilter.doFilter(SessionManagementFilter.java:126) ~[spring-security-web-5.6.5.jar:5.6.5]
	at org.springframework.security.web.session.SessionManagementFilter.doFilter(SessionManagementFilter.java:81) ~[spring-security-web-5.6.5.jar:5.6.5]
	at org.springframework.security.web.FilterChainProxy$VirtualFilterChain.doFilter(FilterChainProxy.java:336) ~[spring-security-web-5.6.5.jar:5.6.5]
	at org.springframework.security.web.authentication.AnonymousAuthenticationFilter.doFilter(AnonymousAuthenticationFilter.java:109) ~[spring-security-web-5.6.5.jar:5.6.5]
	at org.springframework.security.web.FilterChainProxy$VirtualFilterChain.doFilter(FilterChainProxy.java:336) ~[spring-security-web-5.6.5.jar:5.6.5]
	at org.springframework.security.web.servletapi.SecurityContextHolderAwareRequestFilter.doFilter(SecurityContextHolderAwareRequestFilter.java:149) ~[spring-security-web-5.6.5.jar:5.6.5]
	at org.springframework.security.web.FilterChainProxy$VirtualFilterChain.doFilter(FilterChainProxy.java:336) ~[spring-security-web-5.6.5.jar:5.6.5]
	at org.springframework.security.web.savedrequest.RequestCacheAwareFilter.doFilter(RequestCacheAwareFilter.java:63) ~[spring-security-web-5.6.5.jar:5.6.5]
	at org.springframework.security.web.FilterChainProxy$VirtualFilterChain.doFilter(FilterChainProxy.java:336) ~[spring-security-web-5.6.5.jar:5.6.5]
	at org.springframework.security.web.authentication.AbstractAuthenticationProcessingFilter.doFilter(AbstractAuthenticationProcessingFilter.java:219) ~[spring-security-web-5.6.5.jar:5.6.5]
	at org.springframework.security.web.authentication.AbstractAuthenticationProcessingFilter.doFilter(AbstractAuthenticationProcessingFilter.java:213) ~[spring-security-web-5.6.5.jar:5.6.5]
	at org.springframework.security.web.FilterChainProxy$VirtualFilterChain.doFilter(FilterChainProxy.java:336) ~[spring-security-web-5.6.5.jar:5.6.5]
	at org.springframework.security.web.authentication.logout.LogoutFilter.doFilter(LogoutFilter.java:103) ~[spring-security-web-5.6.5.jar:5.6.5]
	at org.springframework.security.web.authentication.logout.LogoutFilter.doFilter(LogoutFilter.java:89) ~[spring-security-web-5.6.5.jar:5.6.5]
	at org.springframework.security.web.FilterChainProxy$VirtualFilterChain.doFilter(FilterChainProxy.java:336) ~[spring-security-web-5.6.5.jar:5.6.5]
	at org.springframework.security.web.header.HeaderWriterFilter.doHeadersAfter(HeaderWriterFilter.java:90) ~[spring-security-web-5.6.5.jar:5.6.5]
	at org.springframework.security.web.header.HeaderWriterFilter.doFilterInternal(HeaderWriterFilter.java:75) ~[spring-security-web-5.6.5.jar:5.6.5]
	at org.springframework.web.filter.OncePerRequestFilter.doFilter(OncePerRequestFilter.java:117) ~[spring-web-5.3.20.jar:5.3.20]
	at org.springframework.security.web.FilterChainProxy$VirtualFilterChain.doFilter(FilterChainProxy.java:336) ~[spring-security-web-5.6.5.jar:5.6.5]
	at org.springframework.security.web.context.SecurityContextPersistenceFilter.doFilter(SecurityContextPersistenceFilter.java:110) ~[spring-security-web-5.6.5.jar:5.6.5]
	at org.springframework.security.web.context.SecurityContextPersistenceFilter.doFilter(SecurityContextPersistenceFilter.java:80) ~[spring-security-web-5.6.5.jar:5.6.5]
	at org.springframework.security.web.FilterChainProxy$VirtualFilterChain.doFilter(FilterChainProxy.java:336) ~[spring-security-web-5.6.5.jar:5.6.5]
	at org.springframework.security.web.context.request.async.WebAsyncManagerIntegrationFilter.doFilterInternal(WebAsyncManagerIntegrationFilter.java:55) ~[spring-security-web-5.6.5.jar:5.6.5]
	at org.springframework.web.filter.OncePerRequestFilter.doFilter(OncePerRequestFilter.java:117) ~[spring-web-5.3.20.jar:5.3.20]
	at org.springframework.security.web.FilterChainProxy$VirtualFilterChain.doFilter(FilterChainProxy.java:336) ~[spring-security-web-5.6.5.jar:5.6.5]
	at org.springframework.security.web.FilterChainProxy.doFilterInternal(FilterChainProxy.java:211) ~[spring-security-web-5.6.5.jar:5.6.5]
	at org.springframework.security.web.FilterChainProxy.doFilter(FilterChainProxy.java:183) ~[spring-security-web-5.6.5.jar:5.6.5]
	at org.springframework.web.filter.DelegatingFilterProxy.invokeDelegate(DelegatingFilterProxy.java:354) ~[spring-web-5.3.20.jar:5.3.20]
	at org.springframework.web.filter.DelegatingFilterProxy.doFilter(DelegatingFilterProxy.java:267) ~[spring-web-5.3.20.jar:5.3.20]
	at org.apache.catalina.core.ApplicationFilterChain.internalDoFilter(ApplicationFilterChain.java:189) ~[tomcat-embed-core-9.0.63.jar:9.0.63]
	at org.apache.catalina.core.ApplicationFilterChain.doFilter(ApplicationFilterChain.java:162) ~[tomcat-embed-core-9.0.63.jar:9.0.63]
	at org.springframework.web.filter.CharacterEncodingFilter.doFilterInternal(CharacterEncodingFilter.java:201) ~[spring-web-5.3.20.jar:5.3.20]
	at org.springframework.web.filter.OncePerRequestFilter.doFilter(OncePerRequestFilter.java:117) ~[spring-web-5.3.20.jar:5.3.20]
	at org.apache.catalina.core.ApplicationFilterChain.internalDoFilter(ApplicationFilterChain.java:189) ~[tomcat-embed-core-9.0.63.jar:9.0.63]
	at org.apache.catalina.core.ApplicationFilterChain.doFilter(ApplicationFilterChain.java:162) ~[tomcat-embed-core-9.0.63.jar:9.0.63]
	at org.apache.catalina.core.StandardWrapperValve.invoke(StandardWrapperValve.java:197) ~[tomcat-embed-core-9.0.63.jar:9.0.63]
	at org.apache.catalina.core.StandardContextValve.invoke(StandardContextValve.java:97) ~[tomcat-embed-core-9.0.63.jar:9.0.63]
	at org.apache.catalina.authenticator.AuthenticatorBase.invoke(AuthenticatorBase.java:541) ~[tomcat-embed-core-9.0.63.jar:9.0.63]
	at org.apache.catalina.core.StandardHostValve.invoke(StandardHostValve.java:135) ~[tomcat-embed-core-9.0.63.jar:9.0.63]
	at org.apache.catalina.valves.ErrorReportValve.invoke(ErrorReportValve.java:92) ~[tomcat-embed-core-9.0.63.jar:9.0.63]
	at org.apache.catalina.core.StandardEngineValve.invoke(StandardEngineValve.java:78) ~[tomcat-embed-core-9.0.63.jar:9.0.63]
	at org.apache.catalina.connector.CoyoteAdapter.service(CoyoteAdapter.java:360) ~[tomcat-embed-core-9.0.63.jar:9.0.63]
	at org.apache.coyote.http11.Http11Processor.service(Http11Processor.java:399) ~[tomcat-embed-core-9.0.63.jar:9.0.63]
	at org.apache.coyote.AbstractProcessorLight.process(AbstractProcessorLight.java:65) ~[tomcat-embed-core-9.0.63.jar:9.0.63]
	at org.apache.coyote.AbstractProtocol$ConnectionHandler.process(AbstractProtocol.java:890) ~[tomcat-embed-core-9.0.63.jar:9.0.63]
	at org.apache.tomcat.util.net.NioEndpoint$SocketProcessor.doRun(NioEndpoint.java:1743) ~[tomcat-embed-core-9.0.63.jar:9.0.63]
	at org.apache.tomcat.util.net.SocketProcessorBase.run(SocketProcessorBase.java:49) ~[tomcat-embed-core-9.0.63.jar:9.0.63]
	at org.apache.tomcat.util.threads.ThreadPoolExecutor.runWorker(ThreadPoolExecutor.java:1191) ~[tomcat-embed-core-9.0.63.jar:9.0.63]
	at org.apache.tomcat.util.threads.ThreadPoolExecutor$Worker.run(ThreadPoolExecutor.java:659) ~[tomcat-embed-core-9.0.63.jar:9.0.63]
	at org.apache.tomcat.util.threads.TaskThread$WrappingRunnable.run(TaskThread.java:61) ~[tomcat-embed-core-9.0.63.jar:9.0.63]
	at java.base/java.lang.Thread.run(Thread.java:842) ~[na:na]

2025-09-07 18:25:53.676  WARN 29392 --- [http-nio-8001-exec-2] o.s.web.servlet.PageNotFound             : No mapping for GET /.well-known/appspecific/com.chrome.devtools.json
2025-09-07 18:25:57.747  WARN 29392 --- [http-nio-8001-exec-4] o.s.web.servlet.PageNotFound             : No mapping for GET /.well-known/appspecific/com.chrome.devtools.json
2025-09-07 18:26:01.729  INFO 29392 --- [http-nio-8001-exec-6] c.n.d.s.user.CustomUserDetailsService    : stu1
2025-09-07 18:26:01.729  INFO 29392 --- [http-nio-8001-exec-6] com.zaxxer.hikari.HikariDataSource       : HikariPool-2 - Starting...
2025-09-07 18:26:01.741  INFO 29392 --- [http-nio-8001-exec-6] com.zaxxer.hikari.HikariDataSource       : HikariPool-2 - Start completed.
2025-09-07 18:26:01.743  INFO 29392 --- [http-nio-8001-exec-6] c.n.d.s.user.CustomPasswordEncoder       : Ys2xdrCcu9i9LKjeIN0aj6epRe1KPnC3TkWZCI9u/0NfoHeAOEpSJcSB7CK6ohX9sZAiJMym35n/+ZWanbIxsi49Tje4QunQJtxsXJlwMVrl+ieREhAN0aX4t7LJpYprwpJH7QqgF4+htTChVaeDf8L2oDh3ZELCdxb/JQDtCBg=
2025-09-07 18:26:01.746  INFO 29392 --- [http-nio-8001-exec-6] d.s.u.CustomAuthenticationSuccessHandler : 登录成功
2025-09-07 18:26:02.797  WARN 29392 --- [http-nio-8001-exec-8] o.s.web.servlet.PageNotFound             : No mapping for GET /.well-known/appspecific/com.chrome.devtools.json
2025-09-07 18:26:11.806  WARN 29392 --- [http-nio-8001-exec-2] o.s.web.servlet.PageNotFound             : No mapping for GET /pyodide/pyodide.js
2025-09-07 18:27:29.011  WARN 29392 --- [http-nio-8001-exec-4] o.s.web.servlet.PageNotFound             : No mapping for GET /.well-known/appspecific/com.chrome.devtools.json
2025-09-07 18:27:32.201  WARN 29392 --- [http-nio-8001-exec-6] o.s.web.servlet.PageNotFound             : No mapping for GET /pyodide/pyodide.js
2025-09-07 18:29:33.025  WARN 29392 --- [http-nio-8001-exec-8] o.s.web.servlet.PageNotFound             : No mapping for GET /.well-known/appspecific/com.chrome.devtools.json
2025-09-07 18:29:35.179  WARN 29392 --- [http-nio-8001-exec-9] o.s.web.servlet.PageNotFound             : No mapping for GET /pyodide/pyodide.js
2025-09-07 18:29:35.179  WARN 29392 --- [http-nio-8001-exec-5] o.s.web.servlet.PageNotFound             : No mapping for GET /pyodide/pyodide1.js
2025-09-07 18:49:50.880  INFO 29392 --- [SpringApplicationShutdownHook] com.zaxxer.hikari.HikariDataSource       : HikariPool-2 - Shutdown initiated...
2025-09-07 18:49:50.885  INFO 29392 --- [SpringApplicationShutdownHook] com.zaxxer.hikari.HikariDataSource       : HikariPool-2 - Shutdown completed.
2025-09-07 18:49:54.248  INFO 1440 --- [restartedMain] com.newdmsp.demo.DemoApplication         : Starting DemoApplication using Java 17.0.12 on DESKTOP-U0I2JQG with PID 1440 (E:\dmsp\Anewdemo\target\classes started by MR in E:\dmsp\Anewdemo)
2025-09-07 18:49:54.249  INFO 1440 --- [restartedMain] com.newdmsp.demo.DemoApplication         : The following 1 profile is active: "dev"
2025-09-07 18:49:54.293  INFO 1440 --- [restartedMain] .e.DevToolsPropertyDefaultsPostProcessor : Devtools property defaults active! Set 'spring.devtools.add-properties' to 'false' to disable
2025-09-07 18:49:54.293  INFO 1440 --- [restartedMain] .e.DevToolsPropertyDefaultsPostProcessor : For additional web related logging consider setting the 'logging.level.web' property to 'DEBUG'
2025-09-07 18:49:55.176  INFO 1440 --- [restartedMain] ptablePropertiesBeanFactoryPostProcessor : Post-processing PropertySource instances
2025-09-07 18:49:55.177  INFO 1440 --- [restartedMain] c.u.j.EncryptablePropertySourceConverter : Skipping PropertySource configurationProperties [class org.springframework.boot.context.properties.source.ConfigurationPropertySourcesPropertySource
2025-09-07 18:49:55.178  INFO 1440 --- [restartedMain] c.u.j.EncryptablePropertySourceConverter : Skipping PropertySource servletConfigInitParams [class org.springframework.core.env.PropertySource$StubPropertySource
2025-09-07 18:49:55.178  INFO 1440 --- [restartedMain] c.u.j.EncryptablePropertySourceConverter : Skipping PropertySource servletContextInitParams [class org.springframework.core.env.PropertySource$StubPropertySource
2025-09-07 18:49:55.179  INFO 1440 --- [restartedMain] c.u.j.EncryptablePropertySourceConverter : Converting PropertySource systemProperties [org.springframework.core.env.PropertiesPropertySource] to EncryptableMapPropertySourceWrapper
2025-09-07 18:49:55.179  INFO 1440 --- [restartedMain] c.u.j.EncryptablePropertySourceConverter : Converting PropertySource systemEnvironment [org.springframework.boot.env.SystemEnvironmentPropertySourceEnvironmentPostProcessor$OriginAwareSystemEnvironmentPropertySource] to EncryptableSystemEnvironmentPropertySourceWrapper
2025-09-07 18:49:55.179  INFO 1440 --- [restartedMain] c.u.j.EncryptablePropertySourceConverter : Converting PropertySource random [org.springframework.boot.env.RandomValuePropertySource] to EncryptablePropertySourceWrapper
2025-09-07 18:49:55.179  INFO 1440 --- [restartedMain] c.u.j.EncryptablePropertySourceConverter : Converting PropertySource Config resource 'class path resource [application-dev.yml]' via location 'optional:classpath:/' [org.springframework.boot.env.OriginTrackedMapPropertySource] to EncryptableMapPropertySourceWrapper
2025-09-07 18:49:55.179  INFO 1440 --- [restartedMain] c.u.j.EncryptablePropertySourceConverter : Converting PropertySource Config resource 'class path resource [application.yml]' via location 'optional:classpath:/' [org.springframework.boot.env.OriginTrackedMapPropertySource] to EncryptableMapPropertySourceWrapper
2025-09-07 18:49:55.179  INFO 1440 --- [restartedMain] c.u.j.EncryptablePropertySourceConverter : Converting PropertySource devtools [org.springframework.core.env.MapPropertySource] to EncryptableMapPropertySourceWrapper
2025-09-07 18:49:55.295  INFO 1440 --- [restartedMain] c.u.j.filter.DefaultLazyPropertyFilter   : Property Filter custom Bean not found with name 'encryptablePropertyFilter'. Initializing Default Property Filter
2025-09-07 18:49:55.302  INFO 1440 --- [restartedMain] c.u.j.r.DefaultLazyPropertyResolver      : Property Resolver custom Bean not found with name 'encryptablePropertyResolver'. Initializing Default Property Resolver
2025-09-07 18:49:55.303  INFO 1440 --- [restartedMain] c.u.j.d.DefaultLazyPropertyDetector      : Property Detector custom Bean not found with name 'encryptablePropertyDetector'. Initializing Default Property Detector
2025-09-07 18:49:55.468  INFO 1440 --- [restartedMain] o.s.b.w.embedded.tomcat.TomcatWebServer  : Tomcat initialized with port(s): 8001 (http)
2025-09-07 18:49:55.475  INFO 1440 --- [restartedMain] o.apache.catalina.core.StandardService   : Starting service [Tomcat]
2025-09-07 18:49:55.475  INFO 1440 --- [restartedMain] org.apache.catalina.core.StandardEngine  : Starting Servlet engine: [Apache Tomcat/9.0.63]
2025-09-07 18:49:55.526  INFO 1440 --- [restartedMain] o.a.c.c.C.[Tomcat].[localhost].[/]       : Initializing Spring embedded WebApplicationContext
2025-09-07 18:49:55.526  INFO 1440 --- [restartedMain] w.s.c.ServletWebServerApplicationContext : Root WebApplicationContext: initialization completed in 1232 ms
2025-09-07 18:49:55.650  INFO 1440 --- [restartedMain] c.u.j.encryptor.DefaultLazyEncryptor     : String Encryptor custom Bean not found with name 'jasyptStringEncryptor'. Initializing Default String Encryptor
2025-09-07 18:49:55.660  INFO 1440 --- [restartedMain] c.u.j.c.StringEncryptorBuilder           : Encryptor config not found for property jasypt.encryptor.key-obtention-iterations, using default value: 1000
2025-09-07 18:49:55.660  INFO 1440 --- [restartedMain] c.u.j.c.StringEncryptorBuilder           : Encryptor config not found for property jasypt.encryptor.pool-size, using default value: 1
2025-09-07 18:49:55.660  INFO 1440 --- [restartedMain] c.u.j.c.StringEncryptorBuilder           : Encryptor config not found for property jasypt.encryptor.provider-name, using default value: null
2025-09-07 18:49:55.661  INFO 1440 --- [restartedMain] c.u.j.c.StringEncryptorBuilder           : Encryptor config not found for property jasypt.encryptor.provider-class-name, using default value: null
2025-09-07 18:49:55.661  INFO 1440 --- [restartedMain] c.u.j.c.StringEncryptorBuilder           : Encryptor config not found for property jasypt.encryptor.salt-generator-classname, using default value: org.jasypt.salt.RandomSaltGenerator
2025-09-07 18:49:55.662  INFO 1440 --- [restartedMain] c.u.j.c.StringEncryptorBuilder           : Encryptor config not found for property jasypt.encryptor.iv-generator-classname, using default value: org.jasypt.iv.RandomIvGenerator
2025-09-07 18:49:55.663  INFO 1440 --- [restartedMain] c.u.j.c.StringEncryptorBuilder           : Encryptor config not found for property jasypt.encryptor.string-output-type, using default value: base64
2025-09-07 18:49:56.222  WARN 1440 --- [restartedMain] o.s.s.c.a.web.builders.WebSecurity       : You are asking Spring Security to ignore Ant [pattern='/static/**']. This is not recommended -- please use permitAll via HttpSecurity#authorizeHttpRequests instead.
2025-09-07 18:49:56.222  INFO 1440 --- [restartedMain] o.s.s.web.DefaultSecurityFilterChain     : Will not secure Ant [pattern='/static/**']
2025-09-07 18:49:56.223  WARN 1440 --- [restartedMain] o.s.s.c.a.web.builders.WebSecurity       : You are asking Spring Security to ignore Ant [pattern='/js/**']. This is not recommended -- please use permitAll via HttpSecurity#authorizeHttpRequests instead.
2025-09-07 18:49:56.223  INFO 1440 --- [restartedMain] o.s.s.web.DefaultSecurityFilterChain     : Will not secure Ant [pattern='/js/**']
2025-09-07 18:49:56.223  WARN 1440 --- [restartedMain] o.s.s.c.a.web.builders.WebSecurity       : You are asking Spring Security to ignore Ant [pattern='/images/**']. This is not recommended -- please use permitAll via HttpSecurity#authorizeHttpRequests instead.
2025-09-07 18:49:56.223  INFO 1440 --- [restartedMain] o.s.s.web.DefaultSecurityFilterChain     : Will not secure Ant [pattern='/images/**']
2025-09-07 18:49:56.223  WARN 1440 --- [restartedMain] o.s.s.c.a.web.builders.WebSecurity       : You are asking Spring Security to ignore Ant [pattern='/css/**']. This is not recommended -- please use permitAll via HttpSecurity#authorizeHttpRequests instead.
2025-09-07 18:49:56.223  INFO 1440 --- [restartedMain] o.s.s.web.DefaultSecurityFilterChain     : Will not secure Ant [pattern='/css/**']
2025-09-07 18:49:56.223  WARN 1440 --- [restartedMain] o.s.s.c.a.web.builders.WebSecurity       : You are asking Spring Security to ignore Ant [pattern='/lib/**']. This is not recommended -- please use permitAll via HttpSecurity#authorizeHttpRequests instead.
2025-09-07 18:49:56.223  INFO 1440 --- [restartedMain] o.s.s.web.DefaultSecurityFilterChain     : Will not secure Ant [pattern='/lib/**']
2025-09-07 18:49:56.224  WARN 1440 --- [restartedMain] o.s.s.c.a.web.builders.WebSecurity       : You are asking Spring Security to ignore Ant [pattern='/ace-builds-master/**']. This is not recommended -- please use permitAll via HttpSecurity#authorizeHttpRequests instead.
2025-09-07 18:49:56.224  INFO 1440 --- [restartedMain] o.s.s.web.DefaultSecurityFilterChain     : Will not secure Ant [pattern='/ace-builds-master/**']
2025-09-07 18:49:56.224  WARN 1440 --- [restartedMain] o.s.s.c.a.web.builders.WebSecurity       : You are asking Spring Security to ignore Ant [pattern='/fonts/**']. This is not recommended -- please use permitAll via HttpSecurity#authorizeHttpRequests instead.
2025-09-07 18:49:56.224  INFO 1440 --- [restartedMain] o.s.s.web.DefaultSecurityFilterChain     : Will not secure Ant [pattern='/fonts/**']
2025-09-07 18:49:56.224  WARN 1440 --- [restartedMain] o.s.s.c.a.web.builders.WebSecurity       : You are asking Spring Security to ignore Ant [pattern='/pictures/**']. This is not recommended -- please use permitAll via HttpSecurity#authorizeHttpRequests instead.
2025-09-07 18:49:56.224  INFO 1440 --- [restartedMain] o.s.s.web.DefaultSecurityFilterChain     : Will not secure Ant [pattern='/pictures/**']
2025-09-07 18:49:56.224  WARN 1440 --- [restartedMain] o.s.s.c.a.web.builders.WebSecurity       : You are asking Spring Security to ignore Ant [pattern='/resultPic/**']. This is not recommended -- please use permitAll via HttpSecurity#authorizeHttpRequests instead.
2025-09-07 18:49:56.224  INFO 1440 --- [restartedMain] o.s.s.web.DefaultSecurityFilterChain     : Will not secure Ant [pattern='/resultPic/**']
2025-09-07 18:49:56.253  INFO 1440 --- [restartedMain] o.s.s.web.DefaultSecurityFilterChain     : Will secure any request with [org.springframework.security.web.context.request.async.WebAsyncManagerIntegrationFilter@5ba517a1, org.springframework.security.web.context.SecurityContextPersistenceFilter@26b6e501, org.springframework.security.web.header.HeaderWriterFilter@c144c64, org.springframework.security.web.authentication.logout.LogoutFilter@1a914fa5, org.springframework.security.web.authentication.UsernamePasswordAuthenticationFilter@4c41f401, org.springframework.security.web.savedrequest.RequestCacheAwareFilter@7b5dd2ea, org.springframework.security.web.servletapi.SecurityContextHolderAwareRequestFilter@632d621f, org.springframework.security.web.authentication.AnonymousAuthenticationFilter@636addf0, org.springframework.security.web.session.SessionManagementFilter@433d7c7d, org.springframework.security.web.access.ExceptionTranslationFilter@339174bd, org.springframework.security.web.access.intercept.FilterSecurityInterceptor@47fa0121]
2025-09-07 18:49:56.283  INFO 1440 --- [restartedMain] pertySourcedRequestMappingHandlerMapping : Mapped URL path [/v2/api-docs] onto method [springfox.documentation.swagger2.web.Swagger2Controller#getDocumentation(String, HttpServletRequest)]
2025-09-07 18:49:56.389  INFO 1440 --- [restartedMain] o.s.b.d.a.OptionalLiveReloadServer       : LiveReload server is running on port 35729
2025-09-07 18:49:56.671  INFO 1440 --- [restartedMain] o.s.b.w.embedded.tomcat.TomcatWebServer  : Tomcat started on port(s): 8001 (http) with context path ''
2025-09-07 18:49:56.673  INFO 1440 --- [restartedMain] u.j.c.RefreshScopeRefreshedEventListener : Refreshing cached encryptable property sources on ServletWebServerInitializedEvent
2025-09-07 18:49:56.673  INFO 1440 --- [restartedMain] CachingDelegateEncryptablePropertySource : Property Source systemProperties refreshed
2025-09-07 18:49:56.673  INFO 1440 --- [restartedMain] CachingDelegateEncryptablePropertySource : Property Source systemEnvironment refreshed
2025-09-07 18:49:56.673  INFO 1440 --- [restartedMain] CachingDelegateEncryptablePropertySource : Property Source random refreshed
2025-09-07 18:49:56.673  INFO 1440 --- [restartedMain] CachingDelegateEncryptablePropertySource : Property Source Config resource 'class path resource [application-dev.yml]' via location 'optional:classpath:/' refreshed
2025-09-07 18:49:56.673  INFO 1440 --- [restartedMain] CachingDelegateEncryptablePropertySource : Property Source Config resource 'class path resource [application.yml]' via location 'optional:classpath:/' refreshed
2025-09-07 18:49:56.673  INFO 1440 --- [restartedMain] CachingDelegateEncryptablePropertySource : Property Source devtools refreshed
2025-09-07 18:49:56.673  INFO 1440 --- [restartedMain] c.u.j.EncryptablePropertySourceConverter : Converting PropertySource server.ports [org.springframework.core.env.MapPropertySource] to EncryptableMapPropertySourceWrapper
2025-09-07 18:49:56.673  INFO 1440 --- [restartedMain] c.u.j.EncryptablePropertySourceConverter : Skipping PropertySource configurationProperties [class org.springframework.boot.context.properties.source.ConfigurationPropertySourcesPropertySource
2025-09-07 18:49:56.673  INFO 1440 --- [restartedMain] c.u.j.EncryptablePropertySourceConverter : Skipping PropertySource servletConfigInitParams [class org.springframework.core.env.PropertySource$StubPropertySource
2025-09-07 18:49:56.673  INFO 1440 --- [restartedMain] c.u.j.EncryptablePropertySourceConverter : Converting PropertySource servletContextInitParams [org.springframework.web.context.support.ServletContextPropertySource] to EncryptableEnumerablePropertySourceWrapper
2025-09-07 18:49:56.674  INFO 1440 --- [restartedMain] d.s.w.p.DocumentationPluginsBootstrapper : Context refreshed
2025-09-07 18:49:56.687  INFO 1440 --- [restartedMain] d.s.w.p.DocumentationPluginsBootstrapper : Found 1 custom documentation plugin(s)
2025-09-07 18:49:56.706  INFO 1440 --- [restartedMain] s.d.s.w.s.ApiListingReferenceScanner     : Scanning for api listing references
2025-09-07 18:49:56.831  INFO 1440 --- [restartedMain] .d.s.w.r.o.CachingOperationNameGenerator : Generating unique operation named: showExpEntityUsingGET_1
2025-09-07 18:49:56.905  INFO 1440 --- [restartedMain] .d.s.w.r.o.CachingOperationNameGenerator : Generating unique operation named: getGtoeUsingGET_1
2025-09-07 18:49:56.930  INFO 1440 --- [restartedMain] com.newdmsp.demo.DemoApplication         : Started DemoApplication in 3.057 seconds (JVM running for 3.773)
2025-09-07 18:50:01.400  INFO 1440 --- [http-nio-8001-exec-1] o.a.c.c.C.[Tomcat].[localhost].[/]       : Initializing Spring DispatcherServlet 'dispatcherServlet'
2025-09-07 18:50:01.400  INFO 1440 --- [http-nio-8001-exec-1] o.s.web.servlet.DispatcherServlet        : Initializing Servlet 'dispatcherServlet'
2025-09-07 18:50:01.401  INFO 1440 --- [http-nio-8001-exec-1] o.s.web.servlet.DispatcherServlet        : Completed initialization in 0 ms
2025-09-07 18:50:01.622  WARN 1440 --- [http-nio-8001-exec-6] o.s.web.servlet.PageNotFound             : No mapping for GET /.well-known/appspecific/com.chrome.devtools.json
2025-09-07 18:50:05.945  INFO 1440 --- [http-nio-8001-exec-9] c.n.d.s.user.CustomUserDetailsService    : stu1
2025-09-07 18:50:05.958  INFO 1440 --- [http-nio-8001-exec-9] com.zaxxer.hikari.HikariDataSource       : HikariPool-1 - Starting...
2025-09-07 18:50:06.194  INFO 1440 --- [http-nio-8001-exec-9] com.zaxxer.hikari.HikariDataSource       : HikariPool-1 - Start completed.
2025-09-07 18:50:06.228  INFO 1440 --- [http-nio-8001-exec-9] c.n.d.s.user.CustomPasswordEncoder       : RSC36veOFtqfA8XU/bJpBI5ZwKYyHPMJbW/cHrUy7PnBES1Uy4LqxQ20u0dsxuZpxY58D81RoXPMmiHQbiqINlTTg0/Hgcq6Inn5RWBnkRb7AkLWix7Q+YvdCDT+6AtjtinQmmn0j58mLOYQZMLkk8tNkdADqD3aow8JPuMp15s=
2025-09-07 18:50:06.334  INFO 1440 --- [http-nio-8001-exec-9] d.s.u.CustomAuthenticationSuccessHandler : 登录成功
2025-09-07 18:50:07.398  WARN 1440 --- [http-nio-8001-exec-7] o.s.web.servlet.PageNotFound             : No mapping for GET /.well-known/appspecific/com.chrome.devtools.json
2025-09-07 18:50:20.142  WARN 1440 --- [http-nio-8001-exec-10] o.s.web.servlet.PageNotFound             : No mapping for GET /pyodide/pyodide.js
2025-09-07 18:54:12.272  INFO 1440 --- [SpringApplicationShutdownHook] com.zaxxer.hikari.HikariDataSource       : HikariPool-1 - Shutdown initiated...
2025-09-07 18:54:12.279  INFO 1440 --- [SpringApplicationShutdownHook] com.zaxxer.hikari.HikariDataSource       : HikariPool-1 - Shutdown completed.
2025-09-07 18:54:16.969  INFO 17120 --- [restartedMain] com.newdmsp.demo.DemoApplication         : Starting DemoApplication using Java 17.0.12 on DESKTOP-U0I2JQG with PID 17120 (E:\dmsp\Anewdemo\target\classes started by MR in E:\dmsp\Anewdemo)
2025-09-07 18:54:16.970  INFO 17120 --- [restartedMain] com.newdmsp.demo.DemoApplication         : The following 1 profile is active: "dev"
2025-09-07 18:54:17.005  INFO 17120 --- [restartedMain] .e.DevToolsPropertyDefaultsPostProcessor : Devtools property defaults active! Set 'spring.devtools.add-properties' to 'false' to disable
2025-09-07 18:54:17.005  INFO 17120 --- [restartedMain] .e.DevToolsPropertyDefaultsPostProcessor : For additional web related logging consider setting the 'logging.level.web' property to 'DEBUG'
2025-09-07 18:54:17.725  INFO 17120 --- [restartedMain] ptablePropertiesBeanFactoryPostProcessor : Post-processing PropertySource instances
2025-09-07 18:54:17.726  INFO 17120 --- [restartedMain] c.u.j.EncryptablePropertySourceConverter : Skipping PropertySource configurationProperties [class org.springframework.boot.context.properties.source.ConfigurationPropertySourcesPropertySource
2025-09-07 18:54:17.726  INFO 17120 --- [restartedMain] c.u.j.EncryptablePropertySourceConverter : Skipping PropertySource servletConfigInitParams [class org.springframework.core.env.PropertySource$StubPropertySource
2025-09-07 18:54:17.726  INFO 17120 --- [restartedMain] c.u.j.EncryptablePropertySourceConverter : Skipping PropertySource servletContextInitParams [class org.springframework.core.env.PropertySource$StubPropertySource
2025-09-07 18:54:17.728  INFO 17120 --- [restartedMain] c.u.j.EncryptablePropertySourceConverter : Converting PropertySource systemProperties [org.springframework.core.env.PropertiesPropertySource] to EncryptableMapPropertySourceWrapper
2025-09-07 18:54:17.728  INFO 17120 --- [restartedMain] c.u.j.EncryptablePropertySourceConverter : Converting PropertySource systemEnvironment [org.springframework.boot.env.SystemEnvironmentPropertySourceEnvironmentPostProcessor$OriginAwareSystemEnvironmentPropertySource] to EncryptableSystemEnvironmentPropertySourceWrapper
2025-09-07 18:54:17.728  INFO 17120 --- [restartedMain] c.u.j.EncryptablePropertySourceConverter : Converting PropertySource random [org.springframework.boot.env.RandomValuePropertySource] to EncryptablePropertySourceWrapper
2025-09-07 18:54:17.728  INFO 17120 --- [restartedMain] c.u.j.EncryptablePropertySourceConverter : Converting PropertySource Config resource 'class path resource [application-dev.yml]' via location 'optional:classpath:/' [org.springframework.boot.env.OriginTrackedMapPropertySource] to EncryptableMapPropertySourceWrapper
2025-09-07 18:54:17.728  INFO 17120 --- [restartedMain] c.u.j.EncryptablePropertySourceConverter : Converting PropertySource Config resource 'class path resource [application.yml]' via location 'optional:classpath:/' [org.springframework.boot.env.OriginTrackedMapPropertySource] to EncryptableMapPropertySourceWrapper
2025-09-07 18:54:17.728  INFO 17120 --- [restartedMain] c.u.j.EncryptablePropertySourceConverter : Converting PropertySource devtools [org.springframework.core.env.MapPropertySource] to EncryptableMapPropertySourceWrapper
2025-09-07 18:54:17.844  INFO 17120 --- [restartedMain] c.u.j.filter.DefaultLazyPropertyFilter   : Property Filter custom Bean not found with name 'encryptablePropertyFilter'. Initializing Default Property Filter
2025-09-07 18:54:17.850  INFO 17120 --- [restartedMain] c.u.j.r.DefaultLazyPropertyResolver      : Property Resolver custom Bean not found with name 'encryptablePropertyResolver'. Initializing Default Property Resolver
2025-09-07 18:54:17.851  INFO 17120 --- [restartedMain] c.u.j.d.DefaultLazyPropertyDetector      : Property Detector custom Bean not found with name 'encryptablePropertyDetector'. Initializing Default Property Detector
2025-09-07 18:54:18.011  INFO 17120 --- [restartedMain] o.s.b.w.embedded.tomcat.TomcatWebServer  : Tomcat initialized with port(s): 8001 (http)
2025-09-07 18:54:18.019  INFO 17120 --- [restartedMain] o.apache.catalina.core.StandardService   : Starting service [Tomcat]
2025-09-07 18:54:18.020  INFO 17120 --- [restartedMain] org.apache.catalina.core.StandardEngine  : Starting Servlet engine: [Apache Tomcat/9.0.63]
2025-09-07 18:54:18.073  INFO 17120 --- [restartedMain] o.a.c.c.C.[Tomcat].[localhost].[/]       : Initializing Spring embedded WebApplicationContext
2025-09-07 18:54:18.074  INFO 17120 --- [restartedMain] w.s.c.ServletWebServerApplicationContext : Root WebApplicationContext: initialization completed in 1069 ms
2025-09-07 18:54:18.191  INFO 17120 --- [restartedMain] c.u.j.encryptor.DefaultLazyEncryptor     : String Encryptor custom Bean not found with name 'jasyptStringEncryptor'. Initializing Default String Encryptor
2025-09-07 18:54:18.203  INFO 17120 --- [restartedMain] c.u.j.c.StringEncryptorBuilder           : Encryptor config not found for property jasypt.encryptor.key-obtention-iterations, using default value: 1000
2025-09-07 18:54:18.203  INFO 17120 --- [restartedMain] c.u.j.c.StringEncryptorBuilder           : Encryptor config not found for property jasypt.encryptor.pool-size, using default value: 1
2025-09-07 18:54:18.204  INFO 17120 --- [restartedMain] c.u.j.c.StringEncryptorBuilder           : Encryptor config not found for property jasypt.encryptor.provider-name, using default value: null
2025-09-07 18:54:18.204  INFO 17120 --- [restartedMain] c.u.j.c.StringEncryptorBuilder           : Encryptor config not found for property jasypt.encryptor.provider-class-name, using default value: null
2025-09-07 18:54:18.204  INFO 17120 --- [restartedMain] c.u.j.c.StringEncryptorBuilder           : Encryptor config not found for property jasypt.encryptor.salt-generator-classname, using default value: org.jasypt.salt.RandomSaltGenerator
2025-09-07 18:54:18.205  INFO 17120 --- [restartedMain] c.u.j.c.StringEncryptorBuilder           : Encryptor config not found for property jasypt.encryptor.iv-generator-classname, using default value: org.jasypt.iv.RandomIvGenerator
2025-09-07 18:54:18.205  INFO 17120 --- [restartedMain] c.u.j.c.StringEncryptorBuilder           : Encryptor config not found for property jasypt.encryptor.string-output-type, using default value: base64
2025-09-07 18:54:18.742  WARN 17120 --- [restartedMain] o.s.s.c.a.web.builders.WebSecurity       : You are asking Spring Security to ignore Ant [pattern='/static/**']. This is not recommended -- please use permitAll via HttpSecurity#authorizeHttpRequests instead.
2025-09-07 18:54:18.743  INFO 17120 --- [restartedMain] o.s.s.web.DefaultSecurityFilterChain     : Will not secure Ant [pattern='/static/**']
2025-09-07 18:54:18.743  WARN 17120 --- [restartedMain] o.s.s.c.a.web.builders.WebSecurity       : You are asking Spring Security to ignore Ant [pattern='/js/**']. This is not recommended -- please use permitAll via HttpSecurity#authorizeHttpRequests instead.
2025-09-07 18:54:18.743  INFO 17120 --- [restartedMain] o.s.s.web.DefaultSecurityFilterChain     : Will not secure Ant [pattern='/js/**']
2025-09-07 18:54:18.743  WARN 17120 --- [restartedMain] o.s.s.c.a.web.builders.WebSecurity       : You are asking Spring Security to ignore Ant [pattern='/images/**']. This is not recommended -- please use permitAll via HttpSecurity#authorizeHttpRequests instead.
2025-09-07 18:54:18.743  INFO 17120 --- [restartedMain] o.s.s.web.DefaultSecurityFilterChain     : Will not secure Ant [pattern='/images/**']
2025-09-07 18:54:18.743  WARN 17120 --- [restartedMain] o.s.s.c.a.web.builders.WebSecurity       : You are asking Spring Security to ignore Ant [pattern='/css/**']. This is not recommended -- please use permitAll via HttpSecurity#authorizeHttpRequests instead.
2025-09-07 18:54:18.744  INFO 17120 --- [restartedMain] o.s.s.web.DefaultSecurityFilterChain     : Will not secure Ant [pattern='/css/**']
2025-09-07 18:54:18.744  WARN 17120 --- [restartedMain] o.s.s.c.a.web.builders.WebSecurity       : You are asking Spring Security to ignore Ant [pattern='/lib/**']. This is not recommended -- please use permitAll via HttpSecurity#authorizeHttpRequests instead.
2025-09-07 18:54:18.744  INFO 17120 --- [restartedMain] o.s.s.web.DefaultSecurityFilterChain     : Will not secure Ant [pattern='/lib/**']
2025-09-07 18:54:18.744  WARN 17120 --- [restartedMain] o.s.s.c.a.web.builders.WebSecurity       : You are asking Spring Security to ignore Ant [pattern='/ace-builds-master/**']. This is not recommended -- please use permitAll via HttpSecurity#authorizeHttpRequests instead.
2025-09-07 18:54:18.744  INFO 17120 --- [restartedMain] o.s.s.web.DefaultSecurityFilterChain     : Will not secure Ant [pattern='/ace-builds-master/**']
2025-09-07 18:54:18.744  WARN 17120 --- [restartedMain] o.s.s.c.a.web.builders.WebSecurity       : You are asking Spring Security to ignore Ant [pattern='/fonts/**']. This is not recommended -- please use permitAll via HttpSecurity#authorizeHttpRequests instead.
2025-09-07 18:54:18.744  INFO 17120 --- [restartedMain] o.s.s.web.DefaultSecurityFilterChain     : Will not secure Ant [pattern='/fonts/**']
2025-09-07 18:54:18.744  WARN 17120 --- [restartedMain] o.s.s.c.a.web.builders.WebSecurity       : You are asking Spring Security to ignore Ant [pattern='/pictures/**']. This is not recommended -- please use permitAll via HttpSecurity#authorizeHttpRequests instead.
2025-09-07 18:54:18.744  INFO 17120 --- [restartedMain] o.s.s.web.DefaultSecurityFilterChain     : Will not secure Ant [pattern='/pictures/**']
2025-09-07 18:54:18.744  WARN 17120 --- [restartedMain] o.s.s.c.a.web.builders.WebSecurity       : You are asking Spring Security to ignore Ant [pattern='/resultPic/**']. This is not recommended -- please use permitAll via HttpSecurity#authorizeHttpRequests instead.
2025-09-07 18:54:18.744  INFO 17120 --- [restartedMain] o.s.s.web.DefaultSecurityFilterChain     : Will not secure Ant [pattern='/resultPic/**']
2025-09-07 18:54:18.774  INFO 17120 --- [restartedMain] o.s.s.web.DefaultSecurityFilterChain     : Will secure any request with [org.springframework.security.web.context.request.async.WebAsyncManagerIntegrationFilter@69dece26, org.springframework.security.web.context.SecurityContextPersistenceFilter@7c0fb725, org.springframework.security.web.header.HeaderWriterFilter@7b98f3d6, org.springframework.security.web.authentication.logout.LogoutFilter@34efb58f, org.springframework.security.web.authentication.UsernamePasswordAuthenticationFilter@28a0fd1a, org.springframework.security.web.savedrequest.RequestCacheAwareFilter@166f336f, org.springframework.security.web.servletapi.SecurityContextHolderAwareRequestFilter@54482a37, org.springframework.security.web.authentication.AnonymousAuthenticationFilter@3cc0254b, org.springframework.security.web.session.SessionManagementFilter@120ec18e, org.springframework.security.web.access.ExceptionTranslationFilter@4812ff75, org.springframework.security.web.access.intercept.FilterSecurityInterceptor@71360121]
2025-09-07 18:54:18.799  INFO 17120 --- [restartedMain] pertySourcedRequestMappingHandlerMapping : Mapped URL path [/v2/api-docs] onto method [springfox.documentation.swagger2.web.Swagger2Controller#getDocumentation(String, HttpServletRequest)]
2025-09-07 18:54:18.884  INFO 17120 --- [restartedMain] o.s.b.d.a.OptionalLiveReloadServer       : LiveReload server is running on port 35729
2025-09-07 18:54:19.200  INFO 17120 --- [restartedMain] o.s.b.w.embedded.tomcat.TomcatWebServer  : Tomcat started on port(s): 8001 (http) with context path ''
2025-09-07 18:54:19.201  INFO 17120 --- [restartedMain] u.j.c.RefreshScopeRefreshedEventListener : Refreshing cached encryptable property sources on ServletWebServerInitializedEvent
2025-09-07 18:54:19.201  INFO 17120 --- [restartedMain] CachingDelegateEncryptablePropertySource : Property Source systemProperties refreshed
2025-09-07 18:54:19.202  INFO 17120 --- [restartedMain] CachingDelegateEncryptablePropertySource : Property Source systemEnvironment refreshed
2025-09-07 18:54:19.202  INFO 17120 --- [restartedMain] CachingDelegateEncryptablePropertySource : Property Source random refreshed
2025-09-07 18:54:19.202  INFO 17120 --- [restartedMain] CachingDelegateEncryptablePropertySource : Property Source Config resource 'class path resource [application-dev.yml]' via location 'optional:classpath:/' refreshed
2025-09-07 18:54:19.202  INFO 17120 --- [restartedMain] CachingDelegateEncryptablePropertySource : Property Source Config resource 'class path resource [application.yml]' via location 'optional:classpath:/' refreshed
2025-09-07 18:54:19.202  INFO 17120 --- [restartedMain] CachingDelegateEncryptablePropertySource : Property Source devtools refreshed
2025-09-07 18:54:19.202  INFO 17120 --- [restartedMain] c.u.j.EncryptablePropertySourceConverter : Converting PropertySource server.ports [org.springframework.core.env.MapPropertySource] to EncryptableMapPropertySourceWrapper
2025-09-07 18:54:19.202  INFO 17120 --- [restartedMain] c.u.j.EncryptablePropertySourceConverter : Skipping PropertySource configurationProperties [class org.springframework.boot.context.properties.source.ConfigurationPropertySourcesPropertySource
2025-09-07 18:54:19.202  INFO 17120 --- [restartedMain] c.u.j.EncryptablePropertySourceConverter : Skipping PropertySource servletConfigInitParams [class org.springframework.core.env.PropertySource$StubPropertySource
2025-09-07 18:54:19.202  INFO 17120 --- [restartedMain] c.u.j.EncryptablePropertySourceConverter : Converting PropertySource servletContextInitParams [org.springframework.web.context.support.ServletContextPropertySource] to EncryptableEnumerablePropertySourceWrapper
2025-09-07 18:54:19.202  INFO 17120 --- [restartedMain] d.s.w.p.DocumentationPluginsBootstrapper : Context refreshed
2025-09-07 18:54:19.216  INFO 17120 --- [restartedMain] d.s.w.p.DocumentationPluginsBootstrapper : Found 1 custom documentation plugin(s)
2025-09-07 18:54:19.241  INFO 17120 --- [restartedMain] s.d.s.w.s.ApiListingReferenceScanner     : Scanning for api listing references
2025-09-07 18:54:19.424  INFO 17120 --- [restartedMain] .d.s.w.r.o.CachingOperationNameGenerator : Generating unique operation named: showExpEntityUsingGET_1
2025-09-07 18:54:19.504  INFO 17120 --- [restartedMain] .d.s.w.r.o.CachingOperationNameGenerator : Generating unique operation named: getGtoeUsingGET_1
2025-09-07 18:54:19.524  INFO 17120 --- [restartedMain] com.newdmsp.demo.DemoApplication         : Started DemoApplication in 2.838 seconds (JVM running for 3.466)
2025-09-07 18:54:33.104  INFO 17120 --- [http-nio-8001-exec-1] o.a.c.c.C.[Tomcat].[localhost].[/]       : Initializing Spring DispatcherServlet 'dispatcherServlet'
2025-09-07 18:54:33.104  INFO 17120 --- [http-nio-8001-exec-1] o.s.web.servlet.DispatcherServlet        : Initializing Servlet 'dispatcherServlet'
2025-09-07 18:54:33.105  INFO 17120 --- [http-nio-8001-exec-1] o.s.web.servlet.DispatcherServlet        : Completed initialization in 1 ms
2025-09-07 18:54:33.315 ERROR 17120 --- [http-nio-8001-exec-1] org.thymeleaf.TemplateEngine             : [THYMELEAF][http-nio-8001-exec-1] Exception processing template "index": An error happened during template parsing (template: "class path resource [templates/index.html]")

org.thymeleaf.exceptions.TemplateInputException: An error happened during template parsing (template: "class path resource [templates/index.html]")
	at org.thymeleaf.templateparser.markup.AbstractMarkupTemplateParser.parse(AbstractMarkupTemplateParser.java:241) ~[thymeleaf-3.0.15.RELEASE.jar:3.0.15.RELEASE]
	at org.thymeleaf.templateparser.markup.AbstractMarkupTemplateParser.parseStandalone(AbstractMarkupTemplateParser.java:100) ~[thymeleaf-3.0.15.RELEASE.jar:3.0.15.RELEASE]
	at org.thymeleaf.engine.TemplateManager.parseAndProcess(TemplateManager.java:666) ~[thymeleaf-3.0.15.RELEASE.jar:3.0.15.RELEASE]
	at org.thymeleaf.TemplateEngine.process(TemplateEngine.java:1098) ~[thymeleaf-3.0.15.RELEASE.jar:3.0.15.RELEASE]
	at org.thymeleaf.TemplateEngine.process(TemplateEngine.java:1072) ~[thymeleaf-3.0.15.RELEASE.jar:3.0.15.RELEASE]
	at org.thymeleaf.spring5.view.ThymeleafView.renderFragment(ThymeleafView.java:366) ~[thymeleaf-spring5-3.0.15.RELEASE.jar:3.0.15.RELEASE]
	at org.thymeleaf.spring5.view.ThymeleafView.render(ThymeleafView.java:190) ~[thymeleaf-spring5-3.0.15.RELEASE.jar:3.0.15.RELEASE]
	at org.springframework.web.servlet.DispatcherServlet.render(DispatcherServlet.java:1401) ~[spring-webmvc-5.3.20.jar:5.3.20]
	at org.springframework.web.servlet.DispatcherServlet.processDispatchResult(DispatcherServlet.java:1145) ~[spring-webmvc-5.3.20.jar:5.3.20]
	at org.springframework.web.servlet.DispatcherServlet.doDispatch(DispatcherServlet.java:1084) ~[spring-webmvc-5.3.20.jar:5.3.20]
	at org.springframework.web.servlet.DispatcherServlet.doService(DispatcherServlet.java:963) ~[spring-webmvc-5.3.20.jar:5.3.20]
	at org.springframework.web.servlet.FrameworkServlet.processRequest(FrameworkServlet.java:1006) ~[spring-webmvc-5.3.20.jar:5.3.20]
	at org.springframework.web.servlet.FrameworkServlet.doGet(FrameworkServlet.java:898) ~[spring-webmvc-5.3.20.jar:5.3.20]
	at javax.servlet.http.HttpServlet.service(HttpServlet.java:655) ~[tomcat-embed-core-9.0.63.jar:4.0.FR]
	at org.springframework.web.servlet.FrameworkServlet.service(FrameworkServlet.java:883) ~[spring-webmvc-5.3.20.jar:5.3.20]
	at javax.servlet.http.HttpServlet.service(HttpServlet.java:764) ~[tomcat-embed-core-9.0.63.jar:4.0.FR]
	at org.apache.catalina.core.ApplicationFilterChain.internalDoFilter(ApplicationFilterChain.java:227) ~[tomcat-embed-core-9.0.63.jar:9.0.63]
	at org.apache.catalina.core.ApplicationFilterChain.doFilter(ApplicationFilterChain.java:162) ~[tomcat-embed-core-9.0.63.jar:9.0.63]
	at org.apache.tomcat.websocket.server.WsFilter.doFilter(WsFilter.java:53) ~[tomcat-embed-websocket-9.0.63.jar:9.0.63]
	at org.apache.catalina.core.ApplicationFilterChain.internalDoFilter(ApplicationFilterChain.java:189) ~[tomcat-embed-core-9.0.63.jar:9.0.63]
	at org.apache.catalina.core.ApplicationFilterChain.doFilter(ApplicationFilterChain.java:162) ~[tomcat-embed-core-9.0.63.jar:9.0.63]
	at org.springframework.security.web.FilterChainProxy$VirtualFilterChain.doFilter(FilterChainProxy.java:327) ~[spring-security-web-5.6.5.jar:5.6.5]
	at org.springframework.security.web.access.intercept.FilterSecurityInterceptor.invoke(FilterSecurityInterceptor.java:115) ~[spring-security-web-5.6.5.jar:5.6.5]
	at org.springframework.security.web.access.intercept.FilterSecurityInterceptor.doFilter(FilterSecurityInterceptor.java:81) ~[spring-security-web-5.6.5.jar:5.6.5]
	at org.springframework.security.web.FilterChainProxy$VirtualFilterChain.doFilter(FilterChainProxy.java:336) ~[spring-security-web-5.6.5.jar:5.6.5]
	at org.springframework.security.web.access.ExceptionTranslationFilter.doFilter(ExceptionTranslationFilter.java:122) ~[spring-security-web-5.6.5.jar:5.6.5]
	at org.springframework.security.web.access.ExceptionTranslationFilter.doFilter(ExceptionTranslationFilter.java:116) ~[spring-security-web-5.6.5.jar:5.6.5]
	at org.springframework.security.web.FilterChainProxy$VirtualFilterChain.doFilter(FilterChainProxy.java:336) ~[spring-security-web-5.6.5.jar:5.6.5]
	at org.springframework.security.web.session.SessionManagementFilter.doFilter(SessionManagementFilter.java:126) ~[spring-security-web-5.6.5.jar:5.6.5]
	at org.springframework.security.web.session.SessionManagementFilter.doFilter(SessionManagementFilter.java:81) ~[spring-security-web-5.6.5.jar:5.6.5]
	at org.springframework.security.web.FilterChainProxy$VirtualFilterChain.doFilter(FilterChainProxy.java:336) ~[spring-security-web-5.6.5.jar:5.6.5]
	at org.springframework.security.web.authentication.AnonymousAuthenticationFilter.doFilter(AnonymousAuthenticationFilter.java:109) ~[spring-security-web-5.6.5.jar:5.6.5]
	at org.springframework.security.web.FilterChainProxy$VirtualFilterChain.doFilter(FilterChainProxy.java:336) ~[spring-security-web-5.6.5.jar:5.6.5]
	at org.springframework.security.web.servletapi.SecurityContextHolderAwareRequestFilter.doFilter(SecurityContextHolderAwareRequestFilter.java:149) ~[spring-security-web-5.6.5.jar:5.6.5]
	at org.springframework.security.web.FilterChainProxy$VirtualFilterChain.doFilter(FilterChainProxy.java:336) ~[spring-security-web-5.6.5.jar:5.6.5]
	at org.springframework.security.web.savedrequest.RequestCacheAwareFilter.doFilter(RequestCacheAwareFilter.java:63) ~[spring-security-web-5.6.5.jar:5.6.5]
	at org.springframework.security.web.FilterChainProxy$VirtualFilterChain.doFilter(FilterChainProxy.java:336) ~[spring-security-web-5.6.5.jar:5.6.5]
	at org.springframework.security.web.authentication.AbstractAuthenticationProcessingFilter.doFilter(AbstractAuthenticationProcessingFilter.java:219) ~[spring-security-web-5.6.5.jar:5.6.5]
	at org.springframework.security.web.authentication.AbstractAuthenticationProcessingFilter.doFilter(AbstractAuthenticationProcessingFilter.java:213) ~[spring-security-web-5.6.5.jar:5.6.5]
	at org.springframework.security.web.FilterChainProxy$VirtualFilterChain.doFilter(FilterChainProxy.java:336) ~[spring-security-web-5.6.5.jar:5.6.5]
	at org.springframework.security.web.authentication.logout.LogoutFilter.doFilter(LogoutFilter.java:103) ~[spring-security-web-5.6.5.jar:5.6.5]
	at org.springframework.security.web.authentication.logout.LogoutFilter.doFilter(LogoutFilter.java:89) ~[spring-security-web-5.6.5.jar:5.6.5]
	at org.springframework.security.web.FilterChainProxy$VirtualFilterChain.doFilter(FilterChainProxy.java:336) ~[spring-security-web-5.6.5.jar:5.6.5]
	at org.springframework.security.web.header.HeaderWriterFilter.doHeadersAfter(HeaderWriterFilter.java:90) ~[spring-security-web-5.6.5.jar:5.6.5]
	at org.springframework.security.web.header.HeaderWriterFilter.doFilterInternal(HeaderWriterFilter.java:75) ~[spring-security-web-5.6.5.jar:5.6.5]
	at org.springframework.web.filter.OncePerRequestFilter.doFilter(OncePerRequestFilter.java:117) ~[spring-web-5.3.20.jar:5.3.20]
	at org.springframework.security.web.FilterChainProxy$VirtualFilterChain.doFilter(FilterChainProxy.java:336) ~[spring-security-web-5.6.5.jar:5.6.5]
	at org.springframework.security.web.context.SecurityContextPersistenceFilter.doFilter(SecurityContextPersistenceFilter.java:110) ~[spring-security-web-5.6.5.jar:5.6.5]
	at org.springframework.security.web.context.SecurityContextPersistenceFilter.doFilter(SecurityContextPersistenceFilter.java:80) ~[spring-security-web-5.6.5.jar:5.6.5]
	at org.springframework.security.web.FilterChainProxy$VirtualFilterChain.doFilter(FilterChainProxy.java:336) ~[spring-security-web-5.6.5.jar:5.6.5]
	at org.springframework.security.web.context.request.async.WebAsyncManagerIntegrationFilter.doFilterInternal(WebAsyncManagerIntegrationFilter.java:55) ~[spring-security-web-5.6.5.jar:5.6.5]
	at org.springframework.web.filter.OncePerRequestFilter.doFilter(OncePerRequestFilter.java:117) ~[spring-web-5.3.20.jar:5.3.20]
	at org.springframework.security.web.FilterChainProxy$VirtualFilterChain.doFilter(FilterChainProxy.java:336) ~[spring-security-web-5.6.5.jar:5.6.5]
	at org.springframework.security.web.FilterChainProxy.doFilterInternal(FilterChainProxy.java:211) ~[spring-security-web-5.6.5.jar:5.6.5]
	at org.springframework.security.web.FilterChainProxy.doFilter(FilterChainProxy.java:183) ~[spring-security-web-5.6.5.jar:5.6.5]
	at org.springframework.web.filter.DelegatingFilterProxy.invokeDelegate(DelegatingFilterProxy.java:354) ~[spring-web-5.3.20.jar:5.3.20]
	at org.springframework.web.filter.DelegatingFilterProxy.doFilter(DelegatingFilterProxy.java:267) ~[spring-web-5.3.20.jar:5.3.20]
	at org.apache.catalina.core.ApplicationFilterChain.internalDoFilter(ApplicationFilterChain.java:189) ~[tomcat-embed-core-9.0.63.jar:9.0.63]
	at org.apache.catalina.core.ApplicationFilterChain.doFilter(ApplicationFilterChain.java:162) ~[tomcat-embed-core-9.0.63.jar:9.0.63]
	at org.springframework.web.filter.CharacterEncodingFilter.doFilterInternal(CharacterEncodingFilter.java:201) ~[spring-web-5.3.20.jar:5.3.20]
	at org.springframework.web.filter.OncePerRequestFilter.doFilter(OncePerRequestFilter.java:117) ~[spring-web-5.3.20.jar:5.3.20]
	at org.apache.catalina.core.ApplicationFilterChain.internalDoFilter(ApplicationFilterChain.java:189) ~[tomcat-embed-core-9.0.63.jar:9.0.63]
	at org.apache.catalina.core.ApplicationFilterChain.doFilter(ApplicationFilterChain.java:162) ~[tomcat-embed-core-9.0.63.jar:9.0.63]
	at org.apache.catalina.core.StandardWrapperValve.invoke(StandardWrapperValve.java:197) ~[tomcat-embed-core-9.0.63.jar:9.0.63]
	at org.apache.catalina.core.StandardContextValve.invoke(StandardContextValve.java:97) ~[tomcat-embed-core-9.0.63.jar:9.0.63]
	at org.apache.catalina.authenticator.AuthenticatorBase.invoke(AuthenticatorBase.java:541) ~[tomcat-embed-core-9.0.63.jar:9.0.63]
	at org.apache.catalina.core.StandardHostValve.invoke(StandardHostValve.java:135) ~[tomcat-embed-core-9.0.63.jar:9.0.63]
	at org.apache.catalina.valves.ErrorReportValve.invoke(ErrorReportValve.java:92) ~[tomcat-embed-core-9.0.63.jar:9.0.63]
	at org.apache.catalina.core.StandardEngineValve.invoke(StandardEngineValve.java:78) ~[tomcat-embed-core-9.0.63.jar:9.0.63]
	at org.apache.catalina.connector.CoyoteAdapter.service(CoyoteAdapter.java:360) ~[tomcat-embed-core-9.0.63.jar:9.0.63]
	at org.apache.coyote.http11.Http11Processor.service(Http11Processor.java:399) ~[tomcat-embed-core-9.0.63.jar:9.0.63]
	at org.apache.coyote.AbstractProcessorLight.process(AbstractProcessorLight.java:65) ~[tomcat-embed-core-9.0.63.jar:9.0.63]
	at org.apache.coyote.AbstractProtocol$ConnectionHandler.process(AbstractProtocol.java:890) ~[tomcat-embed-core-9.0.63.jar:9.0.63]
	at org.apache.tomcat.util.net.NioEndpoint$SocketProcessor.doRun(NioEndpoint.java:1743) ~[tomcat-embed-core-9.0.63.jar:9.0.63]
	at org.apache.tomcat.util.net.SocketProcessorBase.run(SocketProcessorBase.java:49) ~[tomcat-embed-core-9.0.63.jar:9.0.63]
	at org.apache.tomcat.util.threads.ThreadPoolExecutor.runWorker(ThreadPoolExecutor.java:1191) ~[tomcat-embed-core-9.0.63.jar:9.0.63]
	at org.apache.tomcat.util.threads.ThreadPoolExecutor$Worker.run(ThreadPoolExecutor.java:659) ~[tomcat-embed-core-9.0.63.jar:9.0.63]
	at org.apache.tomcat.util.threads.TaskThread$WrappingRunnable.run(TaskThread.java:61) ~[tomcat-embed-core-9.0.63.jar:9.0.63]
	at java.base/java.lang.Thread.run(Thread.java:842) ~[na:na]
Caused by: org.attoparser.ParseException: Exception evaluating SpringEL expression: "session.loginUser.getRealname()" (template: "index" - line 34, col 36)
	at org.attoparser.MarkupParser.parseDocument(MarkupParser.java:393) ~[attoparser-2.0.5.RELEASE.jar:2.0.5.RELEASE]
	at org.attoparser.MarkupParser.parse(MarkupParser.java:257) ~[attoparser-2.0.5.RELEASE.jar:2.0.5.RELEASE]
	at org.thymeleaf.templateparser.markup.AbstractMarkupTemplateParser.parse(AbstractMarkupTemplateParser.java:230) ~[thymeleaf-3.0.15.RELEASE.jar:3.0.15.RELEASE]
	... 78 common frames omitted
Caused by: org.thymeleaf.exceptions.TemplateProcessingException: Exception evaluating SpringEL expression: "session.loginUser.getRealname()" (template: "index" - line 34, col 36)
	at org.thymeleaf.spring5.expression.SPELVariableExpressionEvaluator.evaluate(SPELVariableExpressionEvaluator.java:292) ~[thymeleaf-spring5-3.0.15.RELEASE.jar:3.0.15.RELEASE]
	at org.thymeleaf.standard.expression.VariableExpression.executeVariableExpression(VariableExpression.java:166) ~[thymeleaf-3.0.15.RELEASE.jar:3.0.15.RELEASE]
	at org.thymeleaf.standard.expression.SimpleExpression.executeSimple(SimpleExpression.java:66) ~[thymeleaf-3.0.15.RELEASE.jar:3.0.15.RELEASE]
	at org.thymeleaf.standard.expression.Expression.execute(Expression.java:109) ~[thymeleaf-3.0.15.RELEASE.jar:3.0.15.RELEASE]
	at org.thymeleaf.standard.expression.Expression.execute(Expression.java:138) ~[thymeleaf-3.0.15.RELEASE.jar:3.0.15.RELEASE]
	at org.thymeleaf.standard.processor.AbstractStandardExpressionAttributeTagProcessor.doProcess(AbstractStandardExpressionAttributeTagProcessor.java:144) ~[thymeleaf-3.0.15.RELEASE.jar:3.0.15.RELEASE]
	at org.thymeleaf.processor.element.AbstractAttributeTagProcessor.doProcess(AbstractAttributeTagProcessor.java:74) ~[thymeleaf-3.0.15.RELEASE.jar:3.0.15.RELEASE]
	at org.thymeleaf.processor.element.AbstractElementTagProcessor.process(AbstractElementTagProcessor.java:95) ~[thymeleaf-3.0.15.RELEASE.jar:3.0.15.RELEASE]
	at org.thymeleaf.util.ProcessorConfigurationUtils$ElementTagProcessorWrapper.process(ProcessorConfigurationUtils.java:633) ~[thymeleaf-3.0.15.RELEASE.jar:3.0.15.RELEASE]
	at org.thymeleaf.engine.ProcessorTemplateHandler.handleOpenElement(ProcessorTemplateHandler.java:1314) ~[thymeleaf-3.0.15.RELEASE.jar:3.0.15.RELEASE]
	at org.thymeleaf.engine.TemplateHandlerAdapterMarkupHandler.handleOpenElementEnd(TemplateHandlerAdapterMarkupHandler.java:304) ~[thymeleaf-3.0.15.RELEASE.jar:3.0.15.RELEASE]
	at org.thymeleaf.templateparser.markup.InlinedOutputExpressionMarkupHandler$InlineMarkupAdapterPreProcessorHandler.handleOpenElementEnd(InlinedOutputExpressionMarkupHandler.java:278) ~[thymeleaf-3.0.15.RELEASE.jar:3.0.15.RELEASE]
	at org.thymeleaf.standard.inline.OutputExpressionInlinePreProcessorHandler.handleOpenElementEnd(OutputExpressionInlinePreProcessorHandler.java:186) ~[thymeleaf-3.0.15.RELEASE.jar:3.0.15.RELEASE]
	at org.thymeleaf.templateparser.markup.InlinedOutputExpressionMarkupHandler.handleOpenElementEnd(InlinedOutputExpressionMarkupHandler.java:124) ~[thymeleaf-3.0.15.RELEASE.jar:3.0.15.RELEASE]
	at org.attoparser.HtmlElement.handleOpenElementEnd(HtmlElement.java:109) ~[attoparser-2.0.5.RELEASE.jar:2.0.5.RELEASE]
	at org.attoparser.HtmlMarkupHandler.handleOpenElementEnd(HtmlMarkupHandler.java:297) ~[attoparser-2.0.5.RELEASE.jar:2.0.5.RELEASE]
	at org.attoparser.MarkupEventProcessorHandler.handleOpenElementEnd(MarkupEventProcessorHandler.java:402) ~[attoparser-2.0.5.RELEASE.jar:2.0.5.RELEASE]
	at org.attoparser.ParsingElementMarkupUtil.parseOpenElement(ParsingElementMarkupUtil.java:159) ~[attoparser-2.0.5.RELEASE.jar:2.0.5.RELEASE]
	at org.attoparser.MarkupParser.parseBuffer(MarkupParser.java:710) ~[attoparser-2.0.5.RELEASE.jar:2.0.5.RELEASE]
	at org.attoparser.MarkupParser.parseDocument(MarkupParser.java:301) ~[attoparser-2.0.5.RELEASE.jar:2.0.5.RELEASE]
	... 80 common frames omitted
Caused by: org.springframework.expression.spel.SpelEvaluationException: EL1011E: Method call: Attempted to call method getRealname() on null context object
	at org.springframework.expression.spel.ast.MethodReference.throwIfNotNullSafe(MethodReference.java:154) ~[spring-expression-5.3.20.jar:5.3.20]
	at org.springframework.expression.spel.ast.MethodReference.getValueRef(MethodReference.java:83) ~[spring-expression-5.3.20.jar:5.3.20]
	at org.springframework.expression.spel.ast.CompoundExpression.getValueRef(CompoundExpression.java:70) ~[spring-expression-5.3.20.jar:5.3.20]
	at org.springframework.expression.spel.ast.CompoundExpression.getValueInternal(CompoundExpression.java:91) ~[spring-expression-5.3.20.jar:5.3.20]
	at org.springframework.expression.spel.ast.SpelNodeImpl.getValue(SpelNodeImpl.java:112) ~[spring-expression-5.3.20.jar:5.3.20]
	at org.springframework.expression.spel.standard.SpelExpression.getValue(SpelExpression.java:338) ~[spring-expression-5.3.20.jar:5.3.20]
	at org.thymeleaf.spring5.expression.SPELVariableExpressionEvaluator.evaluate(SPELVariableExpressionEvaluator.java:265) ~[thymeleaf-spring5-3.0.15.RELEASE.jar:3.0.15.RELEASE]
	... 99 common frames omitted

2025-09-07 18:54:33.319 ERROR 17120 --- [http-nio-8001-exec-1] o.a.c.c.C.[.[.[/].[dispatcherServlet]    : Servlet.service() for servlet [dispatcherServlet] in context with path [] threw exception [Request processing failed; nested exception is org.thymeleaf.exceptions.TemplateInputException: An error happened during template parsing (template: "class path resource [templates/index.html]")] with root cause

org.springframework.expression.spel.SpelEvaluationException: EL1011E: Method call: Attempted to call method getRealname() on null context object
	at org.springframework.expression.spel.ast.MethodReference.throwIfNotNullSafe(MethodReference.java:154) ~[spring-expression-5.3.20.jar:5.3.20]
	at org.springframework.expression.spel.ast.MethodReference.getValueRef(MethodReference.java:83) ~[spring-expression-5.3.20.jar:5.3.20]
	at org.springframework.expression.spel.ast.CompoundExpression.getValueRef(CompoundExpression.java:70) ~[spring-expression-5.3.20.jar:5.3.20]
	at org.springframework.expression.spel.ast.CompoundExpression.getValueInternal(CompoundExpression.java:91) ~[spring-expression-5.3.20.jar:5.3.20]
	at org.springframework.expression.spel.ast.SpelNodeImpl.getValue(SpelNodeImpl.java:112) ~[spring-expression-5.3.20.jar:5.3.20]
	at org.springframework.expression.spel.standard.SpelExpression.getValue(SpelExpression.java:338) ~[spring-expression-5.3.20.jar:5.3.20]
	at org.thymeleaf.spring5.expression.SPELVariableExpressionEvaluator.evaluate(SPELVariableExpressionEvaluator.java:265) ~[thymeleaf-spring5-3.0.15.RELEASE.jar:3.0.15.RELEASE]
	at org.thymeleaf.standard.expression.VariableExpression.executeVariableExpression(VariableExpression.java:166) ~[thymeleaf-3.0.15.RELEASE.jar:3.0.15.RELEASE]
	at org.thymeleaf.standard.expression.SimpleExpression.executeSimple(SimpleExpression.java:66) ~[thymeleaf-3.0.15.RELEASE.jar:3.0.15.RELEASE]
	at org.thymeleaf.standard.expression.Expression.execute(Expression.java:109) ~[thymeleaf-3.0.15.RELEASE.jar:3.0.15.RELEASE]
	at org.thymeleaf.standard.expression.Expression.execute(Expression.java:138) ~[thymeleaf-3.0.15.RELEASE.jar:3.0.15.RELEASE]
	at org.thymeleaf.standard.processor.AbstractStandardExpressionAttributeTagProcessor.doProcess(AbstractStandardExpressionAttributeTagProcessor.java:144) ~[thymeleaf-3.0.15.RELEASE.jar:3.0.15.RELEASE]
	at org.thymeleaf.processor.element.AbstractAttributeTagProcessor.doProcess(AbstractAttributeTagProcessor.java:74) ~[thymeleaf-3.0.15.RELEASE.jar:3.0.15.RELEASE]
	at org.thymeleaf.processor.element.AbstractElementTagProcessor.process(AbstractElementTagProcessor.java:95) ~[thymeleaf-3.0.15.RELEASE.jar:3.0.15.RELEASE]
	at org.thymeleaf.util.ProcessorConfigurationUtils$ElementTagProcessorWrapper.process(ProcessorConfigurationUtils.java:633) ~[thymeleaf-3.0.15.RELEASE.jar:3.0.15.RELEASE]
	at org.thymeleaf.engine.ProcessorTemplateHandler.handleOpenElement(ProcessorTemplateHandler.java:1314) ~[thymeleaf-3.0.15.RELEASE.jar:3.0.15.RELEASE]
	at org.thymeleaf.engine.TemplateHandlerAdapterMarkupHandler.handleOpenElementEnd(TemplateHandlerAdapterMarkupHandler.java:304) ~[thymeleaf-3.0.15.RELEASE.jar:3.0.15.RELEASE]
	at org.thymeleaf.templateparser.markup.InlinedOutputExpressionMarkupHandler$InlineMarkupAdapterPreProcessorHandler.handleOpenElementEnd(InlinedOutputExpressionMarkupHandler.java:278) ~[thymeleaf-3.0.15.RELEASE.jar:3.0.15.RELEASE]
	at org.thymeleaf.standard.inline.OutputExpressionInlinePreProcessorHandler.handleOpenElementEnd(OutputExpressionInlinePreProcessorHandler.java:186) ~[thymeleaf-3.0.15.RELEASE.jar:3.0.15.RELEASE]
	at org.thymeleaf.templateparser.markup.InlinedOutputExpressionMarkupHandler.handleOpenElementEnd(InlinedOutputExpressionMarkupHandler.java:124) ~[thymeleaf-3.0.15.RELEASE.jar:3.0.15.RELEASE]
	at org.attoparser.HtmlElement.handleOpenElementEnd(HtmlElement.java:109) ~[attoparser-2.0.5.RELEASE.jar:2.0.5.RELEASE]
	at org.attoparser.HtmlMarkupHandler.handleOpenElementEnd(HtmlMarkupHandler.java:297) ~[attoparser-2.0.5.RELEASE.jar:2.0.5.RELEASE]
	at org.attoparser.MarkupEventProcessorHandler.handleOpenElementEnd(MarkupEventProcessorHandler.java:402) ~[attoparser-2.0.5.RELEASE.jar:2.0.5.RELEASE]
	at org.attoparser.ParsingElementMarkupUtil.parseOpenElement(ParsingElementMarkupUtil.java:159) ~[attoparser-2.0.5.RELEASE.jar:2.0.5.RELEASE]
	at org.attoparser.MarkupParser.parseBuffer(MarkupParser.java:710) ~[attoparser-2.0.5.RELEASE.jar:2.0.5.RELEASE]
	at org.attoparser.MarkupParser.parseDocument(MarkupParser.java:301) ~[attoparser-2.0.5.RELEASE.jar:2.0.5.RELEASE]
	at org.attoparser.MarkupParser.parse(MarkupParser.java:257) ~[attoparser-2.0.5.RELEASE.jar:2.0.5.RELEASE]
	at org.thymeleaf.templateparser.markup.AbstractMarkupTemplateParser.parse(AbstractMarkupTemplateParser.java:230) ~[thymeleaf-3.0.15.RELEASE.jar:3.0.15.RELEASE]
	at org.thymeleaf.templateparser.markup.AbstractMarkupTemplateParser.parseStandalone(AbstractMarkupTemplateParser.java:100) ~[thymeleaf-3.0.15.RELEASE.jar:3.0.15.RELEASE]
	at org.thymeleaf.engine.TemplateManager.parseAndProcess(TemplateManager.java:666) ~[thymeleaf-3.0.15.RELEASE.jar:3.0.15.RELEASE]
	at org.thymeleaf.TemplateEngine.process(TemplateEngine.java:1098) ~[thymeleaf-3.0.15.RELEASE.jar:3.0.15.RELEASE]
	at org.thymeleaf.TemplateEngine.process(TemplateEngine.java:1072) ~[thymeleaf-3.0.15.RELEASE.jar:3.0.15.RELEASE]
	at org.thymeleaf.spring5.view.ThymeleafView.renderFragment(ThymeleafView.java:366) ~[thymeleaf-spring5-3.0.15.RELEASE.jar:3.0.15.RELEASE]
	at org.thymeleaf.spring5.view.ThymeleafView.render(ThymeleafView.java:190) ~[thymeleaf-spring5-3.0.15.RELEASE.jar:3.0.15.RELEASE]
	at org.springframework.web.servlet.DispatcherServlet.render(DispatcherServlet.java:1401) ~[spring-webmvc-5.3.20.jar:5.3.20]
	at org.springframework.web.servlet.DispatcherServlet.processDispatchResult(DispatcherServlet.java:1145) ~[spring-webmvc-5.3.20.jar:5.3.20]
	at org.springframework.web.servlet.DispatcherServlet.doDispatch(DispatcherServlet.java:1084) ~[spring-webmvc-5.3.20.jar:5.3.20]
	at org.springframework.web.servlet.DispatcherServlet.doService(DispatcherServlet.java:963) ~[spring-webmvc-5.3.20.jar:5.3.20]
	at org.springframework.web.servlet.FrameworkServlet.processRequest(FrameworkServlet.java:1006) ~[spring-webmvc-5.3.20.jar:5.3.20]
	at org.springframework.web.servlet.FrameworkServlet.doGet(FrameworkServlet.java:898) ~[spring-webmvc-5.3.20.jar:5.3.20]
	at javax.servlet.http.HttpServlet.service(HttpServlet.java:655) ~[tomcat-embed-core-9.0.63.jar:4.0.FR]
	at org.springframework.web.servlet.FrameworkServlet.service(FrameworkServlet.java:883) ~[spring-webmvc-5.3.20.jar:5.3.20]
	at javax.servlet.http.HttpServlet.service(HttpServlet.java:764) ~[tomcat-embed-core-9.0.63.jar:4.0.FR]
	at org.apache.catalina.core.ApplicationFilterChain.internalDoFilter(ApplicationFilterChain.java:227) ~[tomcat-embed-core-9.0.63.jar:9.0.63]
	at org.apache.catalina.core.ApplicationFilterChain.doFilter(ApplicationFilterChain.java:162) ~[tomcat-embed-core-9.0.63.jar:9.0.63]
	at org.apache.tomcat.websocket.server.WsFilter.doFilter(WsFilter.java:53) ~[tomcat-embed-websocket-9.0.63.jar:9.0.63]
	at org.apache.catalina.core.ApplicationFilterChain.internalDoFilter(ApplicationFilterChain.java:189) ~[tomcat-embed-core-9.0.63.jar:9.0.63]
	at org.apache.catalina.core.ApplicationFilterChain.doFilter(ApplicationFilterChain.java:162) ~[tomcat-embed-core-9.0.63.jar:9.0.63]
	at org.springframework.security.web.FilterChainProxy$VirtualFilterChain.doFilter(FilterChainProxy.java:327) ~[spring-security-web-5.6.5.jar:5.6.5]
	at org.springframework.security.web.access.intercept.FilterSecurityInterceptor.invoke(FilterSecurityInterceptor.java:115) ~[spring-security-web-5.6.5.jar:5.6.5]
	at org.springframework.security.web.access.intercept.FilterSecurityInterceptor.doFilter(FilterSecurityInterceptor.java:81) ~[spring-security-web-5.6.5.jar:5.6.5]
	at org.springframework.security.web.FilterChainProxy$VirtualFilterChain.doFilter(FilterChainProxy.java:336) ~[spring-security-web-5.6.5.jar:5.6.5]
	at org.springframework.security.web.access.ExceptionTranslationFilter.doFilter(ExceptionTranslationFilter.java:122) ~[spring-security-web-5.6.5.jar:5.6.5]
	at org.springframework.security.web.access.ExceptionTranslationFilter.doFilter(ExceptionTranslationFilter.java:116) ~[spring-security-web-5.6.5.jar:5.6.5]
	at org.springframework.security.web.FilterChainProxy$VirtualFilterChain.doFilter(FilterChainProxy.java:336) ~[spring-security-web-5.6.5.jar:5.6.5]
	at org.springframework.security.web.session.SessionManagementFilter.doFilter(SessionManagementFilter.java:126) ~[spring-security-web-5.6.5.jar:5.6.5]
	at org.springframework.security.web.session.SessionManagementFilter.doFilter(SessionManagementFilter.java:81) ~[spring-security-web-5.6.5.jar:5.6.5]
	at org.springframework.security.web.FilterChainProxy$VirtualFilterChain.doFilter(FilterChainProxy.java:336) ~[spring-security-web-5.6.5.jar:5.6.5]
	at org.springframework.security.web.authentication.AnonymousAuthenticationFilter.doFilter(AnonymousAuthenticationFilter.java:109) ~[spring-security-web-5.6.5.jar:5.6.5]
	at org.springframework.security.web.FilterChainProxy$VirtualFilterChain.doFilter(FilterChainProxy.java:336) ~[spring-security-web-5.6.5.jar:5.6.5]
	at org.springframework.security.web.servletapi.SecurityContextHolderAwareRequestFilter.doFilter(SecurityContextHolderAwareRequestFilter.java:149) ~[spring-security-web-5.6.5.jar:5.6.5]
	at org.springframework.security.web.FilterChainProxy$VirtualFilterChain.doFilter(FilterChainProxy.java:336) ~[spring-security-web-5.6.5.jar:5.6.5]
	at org.springframework.security.web.savedrequest.RequestCacheAwareFilter.doFilter(RequestCacheAwareFilter.java:63) ~[spring-security-web-5.6.5.jar:5.6.5]
	at org.springframework.security.web.FilterChainProxy$VirtualFilterChain.doFilter(FilterChainProxy.java:336) ~[spring-security-web-5.6.5.jar:5.6.5]
	at org.springframework.security.web.authentication.AbstractAuthenticationProcessingFilter.doFilter(AbstractAuthenticationProcessingFilter.java:219) ~[spring-security-web-5.6.5.jar:5.6.5]
	at org.springframework.security.web.authentication.AbstractAuthenticationProcessingFilter.doFilter(AbstractAuthenticationProcessingFilter.java:213) ~[spring-security-web-5.6.5.jar:5.6.5]
	at org.springframework.security.web.FilterChainProxy$VirtualFilterChain.doFilter(FilterChainProxy.java:336) ~[spring-security-web-5.6.5.jar:5.6.5]
	at org.springframework.security.web.authentication.logout.LogoutFilter.doFilter(LogoutFilter.java:103) ~[spring-security-web-5.6.5.jar:5.6.5]
	at org.springframework.security.web.authentication.logout.LogoutFilter.doFilter(LogoutFilter.java:89) ~[spring-security-web-5.6.5.jar:5.6.5]
	at org.springframework.security.web.FilterChainProxy$VirtualFilterChain.doFilter(FilterChainProxy.java:336) ~[spring-security-web-5.6.5.jar:5.6.5]
	at org.springframework.security.web.header.HeaderWriterFilter.doHeadersAfter(HeaderWriterFilter.java:90) ~[spring-security-web-5.6.5.jar:5.6.5]
	at org.springframework.security.web.header.HeaderWriterFilter.doFilterInternal(HeaderWriterFilter.java:75) ~[spring-security-web-5.6.5.jar:5.6.5]
	at org.springframework.web.filter.OncePerRequestFilter.doFilter(OncePerRequestFilter.java:117) ~[spring-web-5.3.20.jar:5.3.20]
	at org.springframework.security.web.FilterChainProxy$VirtualFilterChain.doFilter(FilterChainProxy.java:336) ~[spring-security-web-5.6.5.jar:5.6.5]
	at org.springframework.security.web.context.SecurityContextPersistenceFilter.doFilter(SecurityContextPersistenceFilter.java:110) ~[spring-security-web-5.6.5.jar:5.6.5]
	at org.springframework.security.web.context.SecurityContextPersistenceFilter.doFilter(SecurityContextPersistenceFilter.java:80) ~[spring-security-web-5.6.5.jar:5.6.5]
	at org.springframework.security.web.FilterChainProxy$VirtualFilterChain.doFilter(FilterChainProxy.java:336) ~[spring-security-web-5.6.5.jar:5.6.5]
	at org.springframework.security.web.context.request.async.WebAsyncManagerIntegrationFilter.doFilterInternal(WebAsyncManagerIntegrationFilter.java:55) ~[spring-security-web-5.6.5.jar:5.6.5]
	at org.springframework.web.filter.OncePerRequestFilter.doFilter(OncePerRequestFilter.java:117) ~[spring-web-5.3.20.jar:5.3.20]
	at org.springframework.security.web.FilterChainProxy$VirtualFilterChain.doFilter(FilterChainProxy.java:336) ~[spring-security-web-5.6.5.jar:5.6.5]
	at org.springframework.security.web.FilterChainProxy.doFilterInternal(FilterChainProxy.java:211) ~[spring-security-web-5.6.5.jar:5.6.5]
	at org.springframework.security.web.FilterChainProxy.doFilter(FilterChainProxy.java:183) ~[spring-security-web-5.6.5.jar:5.6.5]
	at org.springframework.web.filter.DelegatingFilterProxy.invokeDelegate(DelegatingFilterProxy.java:354) ~[spring-web-5.3.20.jar:5.3.20]
	at org.springframework.web.filter.DelegatingFilterProxy.doFilter(DelegatingFilterProxy.java:267) ~[spring-web-5.3.20.jar:5.3.20]
	at org.apache.catalina.core.ApplicationFilterChain.internalDoFilter(ApplicationFilterChain.java:189) ~[tomcat-embed-core-9.0.63.jar:9.0.63]
	at org.apache.catalina.core.ApplicationFilterChain.doFilter(ApplicationFilterChain.java:162) ~[tomcat-embed-core-9.0.63.jar:9.0.63]
	at org.springframework.web.filter.CharacterEncodingFilter.doFilterInternal(CharacterEncodingFilter.java:201) ~[spring-web-5.3.20.jar:5.3.20]
	at org.springframework.web.filter.OncePerRequestFilter.doFilter(OncePerRequestFilter.java:117) ~[spring-web-5.3.20.jar:5.3.20]
	at org.apache.catalina.core.ApplicationFilterChain.internalDoFilter(ApplicationFilterChain.java:189) ~[tomcat-embed-core-9.0.63.jar:9.0.63]
	at org.apache.catalina.core.ApplicationFilterChain.doFilter(ApplicationFilterChain.java:162) ~[tomcat-embed-core-9.0.63.jar:9.0.63]
	at org.apache.catalina.core.StandardWrapperValve.invoke(StandardWrapperValve.java:197) ~[tomcat-embed-core-9.0.63.jar:9.0.63]
	at org.apache.catalina.core.StandardContextValve.invoke(StandardContextValve.java:97) ~[tomcat-embed-core-9.0.63.jar:9.0.63]
	at org.apache.catalina.authenticator.AuthenticatorBase.invoke(AuthenticatorBase.java:541) ~[tomcat-embed-core-9.0.63.jar:9.0.63]
	at org.apache.catalina.core.StandardHostValve.invoke(StandardHostValve.java:135) ~[tomcat-embed-core-9.0.63.jar:9.0.63]
	at org.apache.catalina.valves.ErrorReportValve.invoke(ErrorReportValve.java:92) ~[tomcat-embed-core-9.0.63.jar:9.0.63]
	at org.apache.catalina.core.StandardEngineValve.invoke(StandardEngineValve.java:78) ~[tomcat-embed-core-9.0.63.jar:9.0.63]
	at org.apache.catalina.connector.CoyoteAdapter.service(CoyoteAdapter.java:360) ~[tomcat-embed-core-9.0.63.jar:9.0.63]
	at org.apache.coyote.http11.Http11Processor.service(Http11Processor.java:399) ~[tomcat-embed-core-9.0.63.jar:9.0.63]
	at org.apache.coyote.AbstractProcessorLight.process(AbstractProcessorLight.java:65) ~[tomcat-embed-core-9.0.63.jar:9.0.63]
	at org.apache.coyote.AbstractProtocol$ConnectionHandler.process(AbstractProtocol.java:890) ~[tomcat-embed-core-9.0.63.jar:9.0.63]
	at org.apache.tomcat.util.net.NioEndpoint$SocketProcessor.doRun(NioEndpoint.java:1743) ~[tomcat-embed-core-9.0.63.jar:9.0.63]
	at org.apache.tomcat.util.net.SocketProcessorBase.run(SocketProcessorBase.java:49) ~[tomcat-embed-core-9.0.63.jar:9.0.63]
	at org.apache.tomcat.util.threads.ThreadPoolExecutor.runWorker(ThreadPoolExecutor.java:1191) ~[tomcat-embed-core-9.0.63.jar:9.0.63]
	at org.apache.tomcat.util.threads.ThreadPoolExecutor$Worker.run(ThreadPoolExecutor.java:659) ~[tomcat-embed-core-9.0.63.jar:9.0.63]
	at org.apache.tomcat.util.threads.TaskThread$WrappingRunnable.run(TaskThread.java:61) ~[tomcat-embed-core-9.0.63.jar:9.0.63]
	at java.base/java.lang.Thread.run(Thread.java:842) ~[na:na]

2025-09-07 18:54:33.373  WARN 17120 --- [http-nio-8001-exec-2] o.s.web.servlet.PageNotFound             : No mapping for GET /.well-known/appspecific/com.chrome.devtools.json
2025-09-07 18:54:34.535  WARN 17120 --- [http-nio-8001-exec-4] o.s.web.servlet.PageNotFound             : No mapping for GET /.well-known/appspecific/com.chrome.devtools.json
2025-09-07 18:54:38.776  INFO 17120 --- [http-nio-8001-exec-6] c.n.d.s.user.CustomUserDetailsService    : stu1
2025-09-07 18:54:38.791  INFO 17120 --- [http-nio-8001-exec-6] com.zaxxer.hikari.HikariDataSource       : HikariPool-1 - Starting...
2025-09-07 18:54:38.994  INFO 17120 --- [http-nio-8001-exec-6] com.zaxxer.hikari.HikariDataSource       : HikariPool-1 - Start completed.
2025-09-07 18:54:39.019  INFO 17120 --- [http-nio-8001-exec-6] c.n.d.s.user.CustomPasswordEncoder       : j297J+GwyRf9uDErs4Q5ekznwiIX/MrtZFXjkBuXZLuV36WmiqOpPf5PwF9+Ii8X2aozHh/sYC4C+7qxiee2N3R4ZQR+qpgEODRCbzsO3+SA3ZMbTecS52zWSexmNTZffgH05ygkqAv7GJ9HRV9ExedMyuSCsbba7xqtdjn4s2c=
2025-09-07 18:54:39.099  INFO 17120 --- [http-nio-8001-exec-6] d.s.u.CustomAuthenticationSuccessHandler : 登录成功
2025-09-07 18:54:40.161  WARN 17120 --- [http-nio-8001-exec-9] o.s.web.servlet.PageNotFound             : No mapping for GET /.well-known/appspecific/com.chrome.devtools.json
2025-09-07 18:55:25.536  WARN 17120 --- [http-nio-8001-exec-5] o.s.web.servlet.PageNotFound             : No mapping for GET /.well-known/appspecific/com.chrome.devtools.json
2025-09-07 18:58:09.811  INFO 17120 --- [Thread-4] com.zaxxer.hikari.HikariDataSource       : HikariPool-1 - Shutdown initiated...
2025-09-07 18:58:09.817  INFO 17120 --- [Thread-4] com.zaxxer.hikari.HikariDataSource       : HikariPool-1 - Shutdown completed.
2025-09-07 18:58:09.899  INFO 17120 --- [restartedMain] com.newdmsp.demo.DemoApplication         : Starting DemoApplication using Java 17.0.12 on DESKTOP-U0I2JQG with PID 17120 (E:\dmsp\Anewdemo\target\classes started by MR in E:\dmsp\Anewdemo)
2025-09-07 18:58:09.899  INFO 17120 --- [restartedMain] com.newdmsp.demo.DemoApplication         : The following 1 profile is active: "dev"
2025-09-07 18:58:10.139  INFO 17120 --- [restartedMain] ptablePropertiesBeanFactoryPostProcessor : Post-processing PropertySource instances
2025-09-07 18:58:10.139  INFO 17120 --- [restartedMain] c.u.j.EncryptablePropertySourceConverter : Skipping PropertySource configurationProperties [class org.springframework.boot.context.properties.source.ConfigurationPropertySourcesPropertySource
2025-09-07 18:58:10.139  INFO 17120 --- [restartedMain] c.u.j.EncryptablePropertySourceConverter : Skipping PropertySource servletConfigInitParams [class org.springframework.core.env.PropertySource$StubPropertySource
2025-09-07 18:58:10.139  INFO 17120 --- [restartedMain] c.u.j.EncryptablePropertySourceConverter : Skipping PropertySource servletContextInitParams [class org.springframework.core.env.PropertySource$StubPropertySource
2025-09-07 18:58:10.139  INFO 17120 --- [restartedMain] c.u.j.EncryptablePropertySourceConverter : Converting PropertySource systemProperties [org.springframework.core.env.PropertiesPropertySource] to EncryptableMapPropertySourceWrapper
2025-09-07 18:58:10.139  INFO 17120 --- [restartedMain] c.u.j.EncryptablePropertySourceConverter : Converting PropertySource systemEnvironment [org.springframework.boot.env.SystemEnvironmentPropertySourceEnvironmentPostProcessor$OriginAwareSystemEnvironmentPropertySource] to EncryptableSystemEnvironmentPropertySourceWrapper
2025-09-07 18:58:10.139  INFO 17120 --- [restartedMain] c.u.j.EncryptablePropertySourceConverter : Converting PropertySource random [org.springframework.boot.env.RandomValuePropertySource] to EncryptablePropertySourceWrapper
2025-09-07 18:58:10.139  INFO 17120 --- [restartedMain] c.u.j.EncryptablePropertySourceConverter : Converting PropertySource Config resource 'class path resource [application-dev.yml]' via location 'optional:classpath:/' [org.springframework.boot.env.OriginTrackedMapPropertySource] to EncryptableMapPropertySourceWrapper
2025-09-07 18:58:10.139  INFO 17120 --- [restartedMain] c.u.j.EncryptablePropertySourceConverter : Converting PropertySource Config resource 'class path resource [application.yml]' via location 'optional:classpath:/' [org.springframework.boot.env.OriginTrackedMapPropertySource] to EncryptableMapPropertySourceWrapper
2025-09-07 18:58:10.139  INFO 17120 --- [restartedMain] c.u.j.EncryptablePropertySourceConverter : Converting PropertySource devtools [org.springframework.core.env.MapPropertySource] to EncryptableMapPropertySourceWrapper
2025-09-07 18:58:10.158  INFO 17120 --- [restartedMain] c.u.j.filter.DefaultLazyPropertyFilter   : Property Filter custom Bean not found with name 'encryptablePropertyFilter'. Initializing Default Property Filter
2025-09-07 18:58:10.160  INFO 17120 --- [restartedMain] c.u.j.r.DefaultLazyPropertyResolver      : Property Resolver custom Bean not found with name 'encryptablePropertyResolver'. Initializing Default Property Resolver
2025-09-07 18:58:10.160  INFO 17120 --- [restartedMain] c.u.j.d.DefaultLazyPropertyDetector      : Property Detector custom Bean not found with name 'encryptablePropertyDetector'. Initializing Default Property Detector
2025-09-07 18:58:10.194  INFO 17120 --- [restartedMain] o.s.b.w.embedded.tomcat.TomcatWebServer  : Tomcat initialized with port(s): 8001 (http)
2025-09-07 18:58:10.194  INFO 17120 --- [restartedMain] o.apache.catalina.core.StandardService   : Starting service [Tomcat]
2025-09-07 18:58:10.194  INFO 17120 --- [restartedMain] org.apache.catalina.core.StandardEngine  : Starting Servlet engine: [Apache Tomcat/9.0.63]
2025-09-07 18:58:10.206  INFO 17120 --- [restartedMain] o.a.c.c.C.[Tomcat].[localhost].[/]       : Initializing Spring embedded WebApplicationContext
2025-09-07 18:58:10.206  INFO 17120 --- [restartedMain] w.s.c.ServletWebServerApplicationContext : Root WebApplicationContext: initialization completed in 305 ms
2025-09-07 18:58:10.241  INFO 17120 --- [restartedMain] c.u.j.encryptor.DefaultLazyEncryptor     : String Encryptor custom Bean not found with name 'jasyptStringEncryptor'. Initializing Default String Encryptor
2025-09-07 18:58:10.244  INFO 17120 --- [restartedMain] c.u.j.c.StringEncryptorBuilder           : Encryptor config not found for property jasypt.encryptor.key-obtention-iterations, using default value: 1000
2025-09-07 18:58:10.244  INFO 17120 --- [restartedMain] c.u.j.c.StringEncryptorBuilder           : Encryptor config not found for property jasypt.encryptor.pool-size, using default value: 1
2025-09-07 18:58:10.244  INFO 17120 --- [restartedMain] c.u.j.c.StringEncryptorBuilder           : Encryptor config not found for property jasypt.encryptor.provider-name, using default value: null
2025-09-07 18:58:10.244  INFO 17120 --- [restartedMain] c.u.j.c.StringEncryptorBuilder           : Encryptor config not found for property jasypt.encryptor.provider-class-name, using default value: null
2025-09-07 18:58:10.244  INFO 17120 --- [restartedMain] c.u.j.c.StringEncryptorBuilder           : Encryptor config not found for property jasypt.encryptor.salt-generator-classname, using default value: org.jasypt.salt.RandomSaltGenerator
2025-09-07 18:58:10.244  INFO 17120 --- [restartedMain] c.u.j.c.StringEncryptorBuilder           : Encryptor config not found for property jasypt.encryptor.iv-generator-classname, using default value: org.jasypt.iv.RandomIvGenerator
2025-09-07 18:58:10.245  INFO 17120 --- [restartedMain] c.u.j.c.StringEncryptorBuilder           : Encryptor config not found for property jasypt.encryptor.string-output-type, using default value: base64
2025-09-07 18:58:10.445  WARN 17120 --- [restartedMain] o.s.s.c.a.web.builders.WebSecurity       : You are asking Spring Security to ignore Ant [pattern='/static/**']. This is not recommended -- please use permitAll via HttpSecurity#authorizeHttpRequests instead.
2025-09-07 18:58:10.445  INFO 17120 --- [restartedMain] o.s.s.web.DefaultSecurityFilterChain     : Will not secure Ant [pattern='/static/**']
2025-09-07 18:58:10.445  WARN 17120 --- [restartedMain] o.s.s.c.a.web.builders.WebSecurity       : You are asking Spring Security to ignore Ant [pattern='/js/**']. This is not recommended -- please use permitAll via HttpSecurity#authorizeHttpRequests instead.
2025-09-07 18:58:10.445  INFO 17120 --- [restartedMain] o.s.s.web.DefaultSecurityFilterChain     : Will not secure Ant [pattern='/js/**']
2025-09-07 18:58:10.445  WARN 17120 --- [restartedMain] o.s.s.c.a.web.builders.WebSecurity       : You are asking Spring Security to ignore Ant [pattern='/images/**']. This is not recommended -- please use permitAll via HttpSecurity#authorizeHttpRequests instead.
2025-09-07 18:58:10.445  INFO 17120 --- [restartedMain] o.s.s.web.DefaultSecurityFilterChain     : Will not secure Ant [pattern='/images/**']
2025-09-07 18:58:10.445  WARN 17120 --- [restartedMain] o.s.s.c.a.web.builders.WebSecurity       : You are asking Spring Security to ignore Ant [pattern='/css/**']. This is not recommended -- please use permitAll via HttpSecurity#authorizeHttpRequests instead.
2025-09-07 18:58:10.445  INFO 17120 --- [restartedMain] o.s.s.web.DefaultSecurityFilterChain     : Will not secure Ant [pattern='/css/**']
2025-09-07 18:58:10.445  WARN 17120 --- [restartedMain] o.s.s.c.a.web.builders.WebSecurity       : You are asking Spring Security to ignore Ant [pattern='/lib/**']. This is not recommended -- please use permitAll via HttpSecurity#authorizeHttpRequests instead.
2025-09-07 18:58:10.445  INFO 17120 --- [restartedMain] o.s.s.web.DefaultSecurityFilterChain     : Will not secure Ant [pattern='/lib/**']
2025-09-07 18:58:10.445  WARN 17120 --- [restartedMain] o.s.s.c.a.web.builders.WebSecurity       : You are asking Spring Security to ignore Ant [pattern='/ace-builds-master/**']. This is not recommended -- please use permitAll via HttpSecurity#authorizeHttpRequests instead.
2025-09-07 18:58:10.445  INFO 17120 --- [restartedMain] o.s.s.web.DefaultSecurityFilterChain     : Will not secure Ant [pattern='/ace-builds-master/**']
2025-09-07 18:58:10.445  WARN 17120 --- [restartedMain] o.s.s.c.a.web.builders.WebSecurity       : You are asking Spring Security to ignore Ant [pattern='/fonts/**']. This is not recommended -- please use permitAll via HttpSecurity#authorizeHttpRequests instead.
2025-09-07 18:58:10.445  INFO 17120 --- [restartedMain] o.s.s.web.DefaultSecurityFilterChain     : Will not secure Ant [pattern='/fonts/**']
2025-09-07 18:58:10.445  WARN 17120 --- [restartedMain] o.s.s.c.a.web.builders.WebSecurity       : You are asking Spring Security to ignore Ant [pattern='/pictures/**']. This is not recommended -- please use permitAll via HttpSecurity#authorizeHttpRequests instead.
2025-09-07 18:58:10.445  INFO 17120 --- [restartedMain] o.s.s.web.DefaultSecurityFilterChain     : Will not secure Ant [pattern='/pictures/**']
2025-09-07 18:58:10.445  WARN 17120 --- [restartedMain] o.s.s.c.a.web.builders.WebSecurity       : You are asking Spring Security to ignore Ant [pattern='/resultPic/**']. This is not recommended -- please use permitAll via HttpSecurity#authorizeHttpRequests instead.
2025-09-07 18:58:10.445  INFO 17120 --- [restartedMain] o.s.s.web.DefaultSecurityFilterChain     : Will not secure Ant [pattern='/resultPic/**']
2025-09-07 18:58:10.458  INFO 17120 --- [restartedMain] o.s.s.web.DefaultSecurityFilterChain     : Will secure any request with [org.springframework.security.web.context.request.async.WebAsyncManagerIntegrationFilter@1f4c99e7, org.springframework.security.web.context.SecurityContextPersistenceFilter@2ac14746, org.springframework.security.web.header.HeaderWriterFilter@438a2f8c, org.springframework.security.web.authentication.logout.LogoutFilter@46d90d62, org.springframework.security.web.authentication.UsernamePasswordAuthenticationFilter@7f6d7aff, org.springframework.security.web.savedrequest.RequestCacheAwareFilter@1f57c64f, org.springframework.security.web.servletapi.SecurityContextHolderAwareRequestFilter@db36c66, org.springframework.security.web.authentication.AnonymousAuthenticationFilter@6a1aeff1, org.springframework.security.web.session.SessionManagementFilter@24c9e279, org.springframework.security.web.access.ExceptionTranslationFilter@75980766, org.springframework.security.web.access.intercept.FilterSecurityInterceptor@32e766ff]
2025-09-07 18:58:10.470  INFO 17120 --- [restartedMain] pertySourcedRequestMappingHandlerMapping : Mapped URL path [/v2/api-docs] onto method [springfox.documentation.swagger2.web.Swagger2Controller#getDocumentation(String, HttpServletRequest)]
2025-09-07 18:58:10.512  INFO 17120 --- [restartedMain] o.s.b.d.a.OptionalLiveReloadServer       : LiveReload server is running on port 35729
2025-09-07 18:58:10.599  INFO 17120 --- [restartedMain] o.s.b.w.embedded.tomcat.TomcatWebServer  : Tomcat started on port(s): 8001 (http) with context path ''
2025-09-07 18:58:10.600  INFO 17120 --- [restartedMain] u.j.c.RefreshScopeRefreshedEventListener : Refreshing cached encryptable property sources on ServletWebServerInitializedEvent
2025-09-07 18:58:10.600  INFO 17120 --- [restartedMain] CachingDelegateEncryptablePropertySource : Property Source systemProperties refreshed
2025-09-07 18:58:10.600  INFO 17120 --- [restartedMain] CachingDelegateEncryptablePropertySource : Property Source systemEnvironment refreshed
2025-09-07 18:58:10.600  INFO 17120 --- [restartedMain] CachingDelegateEncryptablePropertySource : Property Source random refreshed
2025-09-07 18:58:10.600  INFO 17120 --- [restartedMain] CachingDelegateEncryptablePropertySource : Property Source Config resource 'class path resource [application-dev.yml]' via location 'optional:classpath:/' refreshed
2025-09-07 18:58:10.600  INFO 17120 --- [restartedMain] CachingDelegateEncryptablePropertySource : Property Source Config resource 'class path resource [application.yml]' via location 'optional:classpath:/' refreshed
2025-09-07 18:58:10.600  INFO 17120 --- [restartedMain] CachingDelegateEncryptablePropertySource : Property Source devtools refreshed
2025-09-07 18:58:10.601  INFO 17120 --- [restartedMain] c.u.j.EncryptablePropertySourceConverter : Converting PropertySource server.ports [org.springframework.core.env.MapPropertySource] to EncryptableMapPropertySourceWrapper
2025-09-07 18:58:10.601  INFO 17120 --- [restartedMain] c.u.j.EncryptablePropertySourceConverter : Skipping PropertySource configurationProperties [class org.springframework.boot.context.properties.source.ConfigurationPropertySourcesPropertySource
2025-09-07 18:58:10.601  INFO 17120 --- [restartedMain] c.u.j.EncryptablePropertySourceConverter : Skipping PropertySource servletConfigInitParams [class org.springframework.core.env.PropertySource$StubPropertySource
2025-09-07 18:58:10.601  INFO 17120 --- [restartedMain] c.u.j.EncryptablePropertySourceConverter : Converting PropertySource servletContextInitParams [org.springframework.web.context.support.ServletContextPropertySource] to EncryptableEnumerablePropertySourceWrapper
2025-09-07 18:58:10.601  INFO 17120 --- [restartedMain] d.s.w.p.DocumentationPluginsBootstrapper : Context refreshed
2025-09-07 18:58:10.601  INFO 17120 --- [restartedMain] d.s.w.p.DocumentationPluginsBootstrapper : Found 1 custom documentation plugin(s)
2025-09-07 18:58:10.603  INFO 17120 --- [restartedMain] s.d.s.w.s.ApiListingReferenceScanner     : Scanning for api listing references
2025-09-07 18:58:10.622  INFO 17120 --- [http-nio-8001-exec-1] o.a.c.c.C.[Tomcat].[localhost].[/]       : Initializing Spring DispatcherServlet 'dispatcherServlet'
2025-09-07 18:58:10.622  INFO 17120 --- [http-nio-8001-exec-1] o.s.web.servlet.DispatcherServlet        : Initializing Servlet 'dispatcherServlet'
2025-09-07 18:58:10.622  INFO 17120 --- [http-nio-8001-exec-1] o.s.web.servlet.DispatcherServlet        : Completed initialization in 0 ms
2025-09-07 18:58:10.644 ERROR 17120 --- [http-nio-8001-exec-1] org.thymeleaf.TemplateEngine             : [THYMELEAF][http-nio-8001-exec-1] Exception processing template "index": An error happened during template parsing (template: "class path resource [templates/index.html]")

org.thymeleaf.exceptions.TemplateInputException: An error happened during template parsing (template: "class path resource [templates/index.html]")
	at org.thymeleaf.templateparser.markup.AbstractMarkupTemplateParser.parse(AbstractMarkupTemplateParser.java:241) ~[thymeleaf-3.0.15.RELEASE.jar:3.0.15.RELEASE]
	at org.thymeleaf.templateparser.markup.AbstractMarkupTemplateParser.parseStandalone(AbstractMarkupTemplateParser.java:100) ~[thymeleaf-3.0.15.RELEASE.jar:3.0.15.RELEASE]
	at org.thymeleaf.engine.TemplateManager.parseAndProcess(TemplateManager.java:666) ~[thymeleaf-3.0.15.RELEASE.jar:3.0.15.RELEASE]
	at org.thymeleaf.TemplateEngine.process(TemplateEngine.java:1098) ~[thymeleaf-3.0.15.RELEASE.jar:3.0.15.RELEASE]
	at org.thymeleaf.TemplateEngine.process(TemplateEngine.java:1072) ~[thymeleaf-3.0.15.RELEASE.jar:3.0.15.RELEASE]
	at org.thymeleaf.spring5.view.ThymeleafView.renderFragment(ThymeleafView.java:366) ~[thymeleaf-spring5-3.0.15.RELEASE.jar:3.0.15.RELEASE]
	at org.thymeleaf.spring5.view.ThymeleafView.render(ThymeleafView.java:190) ~[thymeleaf-spring5-3.0.15.RELEASE.jar:3.0.15.RELEASE]
	at org.springframework.web.servlet.DispatcherServlet.render(DispatcherServlet.java:1401) ~[spring-webmvc-5.3.20.jar:5.3.20]
	at org.springframework.web.servlet.DispatcherServlet.processDispatchResult(DispatcherServlet.java:1145) ~[spring-webmvc-5.3.20.jar:5.3.20]
	at org.springframework.web.servlet.DispatcherServlet.doDispatch(DispatcherServlet.java:1084) ~[spring-webmvc-5.3.20.jar:5.3.20]
	at org.springframework.web.servlet.DispatcherServlet.doService(DispatcherServlet.java:963) ~[spring-webmvc-5.3.20.jar:5.3.20]
	at org.springframework.web.servlet.FrameworkServlet.processRequest(FrameworkServlet.java:1006) ~[spring-webmvc-5.3.20.jar:5.3.20]
	at org.springframework.web.servlet.FrameworkServlet.doGet(FrameworkServlet.java:898) ~[spring-webmvc-5.3.20.jar:5.3.20]
	at javax.servlet.http.HttpServlet.service(HttpServlet.java:655) ~[tomcat-embed-core-9.0.63.jar:4.0.FR]
	at org.springframework.web.servlet.FrameworkServlet.service(FrameworkServlet.java:883) ~[spring-webmvc-5.3.20.jar:5.3.20]
	at javax.servlet.http.HttpServlet.service(HttpServlet.java:764) ~[tomcat-embed-core-9.0.63.jar:4.0.FR]
	at org.apache.catalina.core.ApplicationFilterChain.internalDoFilter(ApplicationFilterChain.java:227) ~[tomcat-embed-core-9.0.63.jar:9.0.63]
	at org.apache.catalina.core.ApplicationFilterChain.doFilter(ApplicationFilterChain.java:162) ~[tomcat-embed-core-9.0.63.jar:9.0.63]
	at org.apache.tomcat.websocket.server.WsFilter.doFilter(WsFilter.java:53) ~[tomcat-embed-websocket-9.0.63.jar:9.0.63]
	at org.apache.catalina.core.ApplicationFilterChain.internalDoFilter(ApplicationFilterChain.java:189) ~[tomcat-embed-core-9.0.63.jar:9.0.63]
	at org.apache.catalina.core.ApplicationFilterChain.doFilter(ApplicationFilterChain.java:162) ~[tomcat-embed-core-9.0.63.jar:9.0.63]
	at org.springframework.security.web.FilterChainProxy$VirtualFilterChain.doFilter(FilterChainProxy.java:327) ~[spring-security-web-5.6.5.jar:5.6.5]
	at org.springframework.security.web.access.intercept.FilterSecurityInterceptor.invoke(FilterSecurityInterceptor.java:115) ~[spring-security-web-5.6.5.jar:5.6.5]
	at org.springframework.security.web.access.intercept.FilterSecurityInterceptor.doFilter(FilterSecurityInterceptor.java:81) ~[spring-security-web-5.6.5.jar:5.6.5]
	at org.springframework.security.web.FilterChainProxy$VirtualFilterChain.doFilter(FilterChainProxy.java:336) ~[spring-security-web-5.6.5.jar:5.6.5]
	at org.springframework.security.web.access.ExceptionTranslationFilter.doFilter(ExceptionTranslationFilter.java:122) ~[spring-security-web-5.6.5.jar:5.6.5]
	at org.springframework.security.web.access.ExceptionTranslationFilter.doFilter(ExceptionTranslationFilter.java:116) ~[spring-security-web-5.6.5.jar:5.6.5]
	at org.springframework.security.web.FilterChainProxy$VirtualFilterChain.doFilter(FilterChainProxy.java:336) ~[spring-security-web-5.6.5.jar:5.6.5]
	at org.springframework.security.web.session.SessionManagementFilter.doFilter(SessionManagementFilter.java:126) ~[spring-security-web-5.6.5.jar:5.6.5]
	at org.springframework.security.web.session.SessionManagementFilter.doFilter(SessionManagementFilter.java:81) ~[spring-security-web-5.6.5.jar:5.6.5]
	at org.springframework.security.web.FilterChainProxy$VirtualFilterChain.doFilter(FilterChainProxy.java:336) ~[spring-security-web-5.6.5.jar:5.6.5]
	at org.springframework.security.web.authentication.AnonymousAuthenticationFilter.doFilter(AnonymousAuthenticationFilter.java:109) ~[spring-security-web-5.6.5.jar:5.6.5]
	at org.springframework.security.web.FilterChainProxy$VirtualFilterChain.doFilter(FilterChainProxy.java:336) ~[spring-security-web-5.6.5.jar:5.6.5]
	at org.springframework.security.web.servletapi.SecurityContextHolderAwareRequestFilter.doFilter(SecurityContextHolderAwareRequestFilter.java:149) ~[spring-security-web-5.6.5.jar:5.6.5]
	at org.springframework.security.web.FilterChainProxy$VirtualFilterChain.doFilter(FilterChainProxy.java:336) ~[spring-security-web-5.6.5.jar:5.6.5]
	at org.springframework.security.web.savedrequest.RequestCacheAwareFilter.doFilter(RequestCacheAwareFilter.java:63) ~[spring-security-web-5.6.5.jar:5.6.5]
	at org.springframework.security.web.FilterChainProxy$VirtualFilterChain.doFilter(FilterChainProxy.java:336) ~[spring-security-web-5.6.5.jar:5.6.5]
	at org.springframework.security.web.authentication.AbstractAuthenticationProcessingFilter.doFilter(AbstractAuthenticationProcessingFilter.java:219) ~[spring-security-web-5.6.5.jar:5.6.5]
	at org.springframework.security.web.authentication.AbstractAuthenticationProcessingFilter.doFilter(AbstractAuthenticationProcessingFilter.java:213) ~[spring-security-web-5.6.5.jar:5.6.5]
	at org.springframework.security.web.FilterChainProxy$VirtualFilterChain.doFilter(FilterChainProxy.java:336) ~[spring-security-web-5.6.5.jar:5.6.5]
	at org.springframework.security.web.authentication.logout.LogoutFilter.doFilter(LogoutFilter.java:103) ~[spring-security-web-5.6.5.jar:5.6.5]
	at org.springframework.security.web.authentication.logout.LogoutFilter.doFilter(LogoutFilter.java:89) ~[spring-security-web-5.6.5.jar:5.6.5]
	at org.springframework.security.web.FilterChainProxy$VirtualFilterChain.doFilter(FilterChainProxy.java:336) ~[spring-security-web-5.6.5.jar:5.6.5]
	at org.springframework.security.web.header.HeaderWriterFilter.doHeadersAfter(HeaderWriterFilter.java:90) ~[spring-security-web-5.6.5.jar:5.6.5]
	at org.springframework.security.web.header.HeaderWriterFilter.doFilterInternal(HeaderWriterFilter.java:75) ~[spring-security-web-5.6.5.jar:5.6.5]
	at org.springframework.web.filter.OncePerRequestFilter.doFilter(OncePerRequestFilter.java:117) ~[spring-web-5.3.20.jar:5.3.20]
	at org.springframework.security.web.FilterChainProxy$VirtualFilterChain.doFilter(FilterChainProxy.java:336) ~[spring-security-web-5.6.5.jar:5.6.5]
	at org.springframework.security.web.context.SecurityContextPersistenceFilter.doFilter(SecurityContextPersistenceFilter.java:110) ~[spring-security-web-5.6.5.jar:5.6.5]
	at org.springframework.security.web.context.SecurityContextPersistenceFilter.doFilter(SecurityContextPersistenceFilter.java:80) ~[spring-security-web-5.6.5.jar:5.6.5]
	at org.springframework.security.web.FilterChainProxy$VirtualFilterChain.doFilter(FilterChainProxy.java:336) ~[spring-security-web-5.6.5.jar:5.6.5]
	at org.springframework.security.web.context.request.async.WebAsyncManagerIntegrationFilter.doFilterInternal(WebAsyncManagerIntegrationFilter.java:55) ~[spring-security-web-5.6.5.jar:5.6.5]
	at org.springframework.web.filter.OncePerRequestFilter.doFilter(OncePerRequestFilter.java:117) ~[spring-web-5.3.20.jar:5.3.20]
	at org.springframework.security.web.FilterChainProxy$VirtualFilterChain.doFilter(FilterChainProxy.java:336) ~[spring-security-web-5.6.5.jar:5.6.5]
	at org.springframework.security.web.FilterChainProxy.doFilterInternal(FilterChainProxy.java:211) ~[spring-security-web-5.6.5.jar:5.6.5]
	at org.springframework.security.web.FilterChainProxy.doFilter(FilterChainProxy.java:183) ~[spring-security-web-5.6.5.jar:5.6.5]
	at org.springframework.web.filter.DelegatingFilterProxy.invokeDelegate(DelegatingFilterProxy.java:354) ~[spring-web-5.3.20.jar:5.3.20]
	at org.springframework.web.filter.DelegatingFilterProxy.doFilter(DelegatingFilterProxy.java:267) ~[spring-web-5.3.20.jar:5.3.20]
	at org.apache.catalina.core.ApplicationFilterChain.internalDoFilter(ApplicationFilterChain.java:189) ~[tomcat-embed-core-9.0.63.jar:9.0.63]
	at org.apache.catalina.core.ApplicationFilterChain.doFilter(ApplicationFilterChain.java:162) ~[tomcat-embed-core-9.0.63.jar:9.0.63]
	at org.springframework.web.filter.CharacterEncodingFilter.doFilterInternal(CharacterEncodingFilter.java:201) ~[spring-web-5.3.20.jar:5.3.20]
	at org.springframework.web.filter.OncePerRequestFilter.doFilter(OncePerRequestFilter.java:117) ~[spring-web-5.3.20.jar:5.3.20]
	at org.apache.catalina.core.ApplicationFilterChain.internalDoFilter(ApplicationFilterChain.java:189) ~[tomcat-embed-core-9.0.63.jar:9.0.63]
	at org.apache.catalina.core.ApplicationFilterChain.doFilter(ApplicationFilterChain.java:162) ~[tomcat-embed-core-9.0.63.jar:9.0.63]
	at org.apache.catalina.core.StandardWrapperValve.invoke(StandardWrapperValve.java:197) ~[tomcat-embed-core-9.0.63.jar:9.0.63]
	at org.apache.catalina.core.StandardContextValve.invoke(StandardContextValve.java:97) ~[tomcat-embed-core-9.0.63.jar:9.0.63]
	at org.apache.catalina.authenticator.AuthenticatorBase.invoke(AuthenticatorBase.java:541) ~[tomcat-embed-core-9.0.63.jar:9.0.63]
	at org.apache.catalina.core.StandardHostValve.invoke(StandardHostValve.java:135) ~[tomcat-embed-core-9.0.63.jar:9.0.63]
	at org.apache.catalina.valves.ErrorReportValve.invoke(ErrorReportValve.java:92) ~[tomcat-embed-core-9.0.63.jar:9.0.63]
	at org.apache.catalina.core.StandardEngineValve.invoke(StandardEngineValve.java:78) ~[tomcat-embed-core-9.0.63.jar:9.0.63]
	at org.apache.catalina.connector.CoyoteAdapter.service(CoyoteAdapter.java:360) ~[tomcat-embed-core-9.0.63.jar:9.0.63]
	at org.apache.coyote.http11.Http11Processor.service(Http11Processor.java:399) ~[tomcat-embed-core-9.0.63.jar:9.0.63]
	at org.apache.coyote.AbstractProcessorLight.process(AbstractProcessorLight.java:65) ~[tomcat-embed-core-9.0.63.jar:9.0.63]
	at org.apache.coyote.AbstractProtocol$ConnectionHandler.process(AbstractProtocol.java:890) ~[tomcat-embed-core-9.0.63.jar:9.0.63]
	at org.apache.tomcat.util.net.NioEndpoint$SocketProcessor.doRun(NioEndpoint.java:1743) ~[tomcat-embed-core-9.0.63.jar:9.0.63]
	at org.apache.tomcat.util.net.SocketProcessorBase.run(SocketProcessorBase.java:49) ~[tomcat-embed-core-9.0.63.jar:9.0.63]
	at org.apache.tomcat.util.threads.ThreadPoolExecutor.runWorker(ThreadPoolExecutor.java:1191) ~[tomcat-embed-core-9.0.63.jar:9.0.63]
	at org.apache.tomcat.util.threads.ThreadPoolExecutor$Worker.run(ThreadPoolExecutor.java:659) ~[tomcat-embed-core-9.0.63.jar:9.0.63]
	at org.apache.tomcat.util.threads.TaskThread$WrappingRunnable.run(TaskThread.java:61) ~[tomcat-embed-core-9.0.63.jar:9.0.63]
	at java.base/java.lang.Thread.run(Thread.java:842) ~[na:na]
Caused by: org.attoparser.ParseException: Exception evaluating SpringEL expression: "session.loginUser.getRealname()" (template: "index" - line 34, col 36)
	at org.attoparser.MarkupParser.parseDocument(MarkupParser.java:393) ~[attoparser-2.0.5.RELEASE.jar:2.0.5.RELEASE]
	at org.attoparser.MarkupParser.parse(MarkupParser.java:257) ~[attoparser-2.0.5.RELEASE.jar:2.0.5.RELEASE]
	at org.thymeleaf.templateparser.markup.AbstractMarkupTemplateParser.parse(AbstractMarkupTemplateParser.java:230) ~[thymeleaf-3.0.15.RELEASE.jar:3.0.15.RELEASE]
	... 78 common frames omitted
Caused by: org.thymeleaf.exceptions.TemplateProcessingException: Exception evaluating SpringEL expression: "session.loginUser.getRealname()" (template: "index" - line 34, col 36)
	at org.thymeleaf.spring5.expression.SPELVariableExpressionEvaluator.evaluate(SPELVariableExpressionEvaluator.java:292) ~[thymeleaf-spring5-3.0.15.RELEASE.jar:3.0.15.RELEASE]
	at org.thymeleaf.standard.expression.VariableExpression.executeVariableExpression(VariableExpression.java:166) ~[thymeleaf-3.0.15.RELEASE.jar:3.0.15.RELEASE]
	at org.thymeleaf.standard.expression.SimpleExpression.executeSimple(SimpleExpression.java:66) ~[thymeleaf-3.0.15.RELEASE.jar:3.0.15.RELEASE]
	at org.thymeleaf.standard.expression.Expression.execute(Expression.java:109) ~[thymeleaf-3.0.15.RELEASE.jar:3.0.15.RELEASE]
	at org.thymeleaf.standard.expression.Expression.execute(Expression.java:138) ~[thymeleaf-3.0.15.RELEASE.jar:3.0.15.RELEASE]
	at org.thymeleaf.standard.processor.AbstractStandardExpressionAttributeTagProcessor.doProcess(AbstractStandardExpressionAttributeTagProcessor.java:144) ~[thymeleaf-3.0.15.RELEASE.jar:3.0.15.RELEASE]
	at org.thymeleaf.processor.element.AbstractAttributeTagProcessor.doProcess(AbstractAttributeTagProcessor.java:74) ~[thymeleaf-3.0.15.RELEASE.jar:3.0.15.RELEASE]
	at org.thymeleaf.processor.element.AbstractElementTagProcessor.process(AbstractElementTagProcessor.java:95) ~[thymeleaf-3.0.15.RELEASE.jar:3.0.15.RELEASE]
	at org.thymeleaf.util.ProcessorConfigurationUtils$ElementTagProcessorWrapper.process(ProcessorConfigurationUtils.java:633) ~[thymeleaf-3.0.15.RELEASE.jar:3.0.15.RELEASE]
	at org.thymeleaf.engine.ProcessorTemplateHandler.handleOpenElement(ProcessorTemplateHandler.java:1314) ~[thymeleaf-3.0.15.RELEASE.jar:3.0.15.RELEASE]
	at org.thymeleaf.engine.TemplateHandlerAdapterMarkupHandler.handleOpenElementEnd(TemplateHandlerAdapterMarkupHandler.java:304) ~[thymeleaf-3.0.15.RELEASE.jar:3.0.15.RELEASE]
	at org.thymeleaf.templateparser.markup.InlinedOutputExpressionMarkupHandler$InlineMarkupAdapterPreProcessorHandler.handleOpenElementEnd(InlinedOutputExpressionMarkupHandler.java:278) ~[thymeleaf-3.0.15.RELEASE.jar:3.0.15.RELEASE]
	at org.thymeleaf.standard.inline.OutputExpressionInlinePreProcessorHandler.handleOpenElementEnd(OutputExpressionInlinePreProcessorHandler.java:186) ~[thymeleaf-3.0.15.RELEASE.jar:3.0.15.RELEASE]
	at org.thymeleaf.templateparser.markup.InlinedOutputExpressionMarkupHandler.handleOpenElementEnd(InlinedOutputExpressionMarkupHandler.java:124) ~[thymeleaf-3.0.15.RELEASE.jar:3.0.15.RELEASE]
	at org.attoparser.HtmlElement.handleOpenElementEnd(HtmlElement.java:109) ~[attoparser-2.0.5.RELEASE.jar:2.0.5.RELEASE]
	at org.attoparser.HtmlMarkupHandler.handleOpenElementEnd(HtmlMarkupHandler.java:297) ~[attoparser-2.0.5.RELEASE.jar:2.0.5.RELEASE]
	at org.attoparser.MarkupEventProcessorHandler.handleOpenElementEnd(MarkupEventProcessorHandler.java:402) ~[attoparser-2.0.5.RELEASE.jar:2.0.5.RELEASE]
	at org.attoparser.ParsingElementMarkupUtil.parseOpenElement(ParsingElementMarkupUtil.java:159) ~[attoparser-2.0.5.RELEASE.jar:2.0.5.RELEASE]
	at org.attoparser.MarkupParser.parseBuffer(MarkupParser.java:710) ~[attoparser-2.0.5.RELEASE.jar:2.0.5.RELEASE]
	at org.attoparser.MarkupParser.parseDocument(MarkupParser.java:301) ~[attoparser-2.0.5.RELEASE.jar:2.0.5.RELEASE]
	... 80 common frames omitted
Caused by: org.springframework.expression.spel.SpelEvaluationException: EL1011E: Method call: Attempted to call method getRealname() on null context object
	at org.springframework.expression.spel.ast.MethodReference.throwIfNotNullSafe(MethodReference.java:154) ~[spring-expression-5.3.20.jar:5.3.20]
	at org.springframework.expression.spel.ast.MethodReference.getValueRef(MethodReference.java:83) ~[spring-expression-5.3.20.jar:5.3.20]
	at org.springframework.expression.spel.ast.CompoundExpression.getValueRef(CompoundExpression.java:70) ~[spring-expression-5.3.20.jar:5.3.20]
	at org.springframework.expression.spel.ast.CompoundExpression.getValueInternal(CompoundExpression.java:91) ~[spring-expression-5.3.20.jar:5.3.20]
	at org.springframework.expression.spel.ast.SpelNodeImpl.getValue(SpelNodeImpl.java:112) ~[spring-expression-5.3.20.jar:5.3.20]
	at org.springframework.expression.spel.standard.SpelExpression.getValue(SpelExpression.java:338) ~[spring-expression-5.3.20.jar:5.3.20]
	at org.thymeleaf.spring5.expression.SPELVariableExpressionEvaluator.evaluate(SPELVariableExpressionEvaluator.java:265) ~[thymeleaf-spring5-3.0.15.RELEASE.jar:3.0.15.RELEASE]
	... 99 common frames omitted

2025-09-07 18:58:10.646 ERROR 17120 --- [http-nio-8001-exec-1] o.a.c.c.C.[.[.[/].[dispatcherServlet]    : Servlet.service() for servlet [dispatcherServlet] in context with path [] threw exception [Request processing failed; nested exception is org.thymeleaf.exceptions.TemplateInputException: An error happened during template parsing (template: "class path resource [templates/index.html]")] with root cause

org.springframework.expression.spel.SpelEvaluationException: EL1011E: Method call: Attempted to call method getRealname() on null context object
	at org.springframework.expression.spel.ast.MethodReference.throwIfNotNullSafe(MethodReference.java:154) ~[spring-expression-5.3.20.jar:5.3.20]
	at org.springframework.expression.spel.ast.MethodReference.getValueRef(MethodReference.java:83) ~[spring-expression-5.3.20.jar:5.3.20]
	at org.springframework.expression.spel.ast.CompoundExpression.getValueRef(CompoundExpression.java:70) ~[spring-expression-5.3.20.jar:5.3.20]
	at org.springframework.expression.spel.ast.CompoundExpression.getValueInternal(CompoundExpression.java:91) ~[spring-expression-5.3.20.jar:5.3.20]
	at org.springframework.expression.spel.ast.SpelNodeImpl.getValue(SpelNodeImpl.java:112) ~[spring-expression-5.3.20.jar:5.3.20]
	at org.springframework.expression.spel.standard.SpelExpression.getValue(SpelExpression.java:338) ~[spring-expression-5.3.20.jar:5.3.20]
	at org.thymeleaf.spring5.expression.SPELVariableExpressionEvaluator.evaluate(SPELVariableExpressionEvaluator.java:265) ~[thymeleaf-spring5-3.0.15.RELEASE.jar:3.0.15.RELEASE]
	at org.thymeleaf.standard.expression.VariableExpression.executeVariableExpression(VariableExpression.java:166) ~[thymeleaf-3.0.15.RELEASE.jar:3.0.15.RELEASE]
	at org.thymeleaf.standard.expression.SimpleExpression.executeSimple(SimpleExpression.java:66) ~[thymeleaf-3.0.15.RELEASE.jar:3.0.15.RELEASE]
	at org.thymeleaf.standard.expression.Expression.execute(Expression.java:109) ~[thymeleaf-3.0.15.RELEASE.jar:3.0.15.RELEASE]
	at org.thymeleaf.standard.expression.Expression.execute(Expression.java:138) ~[thymeleaf-3.0.15.RELEASE.jar:3.0.15.RELEASE]
	at org.thymeleaf.standard.processor.AbstractStandardExpressionAttributeTagProcessor.doProcess(AbstractStandardExpressionAttributeTagProcessor.java:144) ~[thymeleaf-3.0.15.RELEASE.jar:3.0.15.RELEASE]
	at org.thymeleaf.processor.element.AbstractAttributeTagProcessor.doProcess(AbstractAttributeTagProcessor.java:74) ~[thymeleaf-3.0.15.RELEASE.jar:3.0.15.RELEASE]
	at org.thymeleaf.processor.element.AbstractElementTagProcessor.process(AbstractElementTagProcessor.java:95) ~[thymeleaf-3.0.15.RELEASE.jar:3.0.15.RELEASE]
	at org.thymeleaf.util.ProcessorConfigurationUtils$ElementTagProcessorWrapper.process(ProcessorConfigurationUtils.java:633) ~[thymeleaf-3.0.15.RELEASE.jar:3.0.15.RELEASE]
	at org.thymeleaf.engine.ProcessorTemplateHandler.handleOpenElement(ProcessorTemplateHandler.java:1314) ~[thymeleaf-3.0.15.RELEASE.jar:3.0.15.RELEASE]
	at org.thymeleaf.engine.TemplateHandlerAdapterMarkupHandler.handleOpenElementEnd(TemplateHandlerAdapterMarkupHandler.java:304) ~[thymeleaf-3.0.15.RELEASE.jar:3.0.15.RELEASE]
	at org.thymeleaf.templateparser.markup.InlinedOutputExpressionMarkupHandler$InlineMarkupAdapterPreProcessorHandler.handleOpenElementEnd(InlinedOutputExpressionMarkupHandler.java:278) ~[thymeleaf-3.0.15.RELEASE.jar:3.0.15.RELEASE]
	at org.thymeleaf.standard.inline.OutputExpressionInlinePreProcessorHandler.handleOpenElementEnd(OutputExpressionInlinePreProcessorHandler.java:186) ~[thymeleaf-3.0.15.RELEASE.jar:3.0.15.RELEASE]
	at org.thymeleaf.templateparser.markup.InlinedOutputExpressionMarkupHandler.handleOpenElementEnd(InlinedOutputExpressionMarkupHandler.java:124) ~[thymeleaf-3.0.15.RELEASE.jar:3.0.15.RELEASE]
	at org.attoparser.HtmlElement.handleOpenElementEnd(HtmlElement.java:109) ~[attoparser-2.0.5.RELEASE.jar:2.0.5.RELEASE]
	at org.attoparser.HtmlMarkupHandler.handleOpenElementEnd(HtmlMarkupHandler.java:297) ~[attoparser-2.0.5.RELEASE.jar:2.0.5.RELEASE]
	at org.attoparser.MarkupEventProcessorHandler.handleOpenElementEnd(MarkupEventProcessorHandler.java:402) ~[attoparser-2.0.5.RELEASE.jar:2.0.5.RELEASE]
	at org.attoparser.ParsingElementMarkupUtil.parseOpenElement(ParsingElementMarkupUtil.java:159) ~[attoparser-2.0.5.RELEASE.jar:2.0.5.RELEASE]
	at org.attoparser.MarkupParser.parseBuffer(MarkupParser.java:710) ~[attoparser-2.0.5.RELEASE.jar:2.0.5.RELEASE]
	at org.attoparser.MarkupParser.parseDocument(MarkupParser.java:301) ~[attoparser-2.0.5.RELEASE.jar:2.0.5.RELEASE]
	at org.attoparser.MarkupParser.parse(MarkupParser.java:257) ~[attoparser-2.0.5.RELEASE.jar:2.0.5.RELEASE]
	at org.thymeleaf.templateparser.markup.AbstractMarkupTemplateParser.parse(AbstractMarkupTemplateParser.java:230) ~[thymeleaf-3.0.15.RELEASE.jar:3.0.15.RELEASE]
	at org.thymeleaf.templateparser.markup.AbstractMarkupTemplateParser.parseStandalone(AbstractMarkupTemplateParser.java:100) ~[thymeleaf-3.0.15.RELEASE.jar:3.0.15.RELEASE]
	at org.thymeleaf.engine.TemplateManager.parseAndProcess(TemplateManager.java:666) ~[thymeleaf-3.0.15.RELEASE.jar:3.0.15.RELEASE]
	at org.thymeleaf.TemplateEngine.process(TemplateEngine.java:1098) ~[thymeleaf-3.0.15.RELEASE.jar:3.0.15.RELEASE]
	at org.thymeleaf.TemplateEngine.process(TemplateEngine.java:1072) ~[thymeleaf-3.0.15.RELEASE.jar:3.0.15.RELEASE]
	at org.thymeleaf.spring5.view.ThymeleafView.renderFragment(ThymeleafView.java:366) ~[thymeleaf-spring5-3.0.15.RELEASE.jar:3.0.15.RELEASE]
	at org.thymeleaf.spring5.view.ThymeleafView.render(ThymeleafView.java:190) ~[thymeleaf-spring5-3.0.15.RELEASE.jar:3.0.15.RELEASE]
	at org.springframework.web.servlet.DispatcherServlet.render(DispatcherServlet.java:1401) ~[spring-webmvc-5.3.20.jar:5.3.20]
	at org.springframework.web.servlet.DispatcherServlet.processDispatchResult(DispatcherServlet.java:1145) ~[spring-webmvc-5.3.20.jar:5.3.20]
	at org.springframework.web.servlet.DispatcherServlet.doDispatch(DispatcherServlet.java:1084) ~[spring-webmvc-5.3.20.jar:5.3.20]
	at org.springframework.web.servlet.DispatcherServlet.doService(DispatcherServlet.java:963) ~[spring-webmvc-5.3.20.jar:5.3.20]
	at org.springframework.web.servlet.FrameworkServlet.processRequest(FrameworkServlet.java:1006) ~[spring-webmvc-5.3.20.jar:5.3.20]
	at org.springframework.web.servlet.FrameworkServlet.doGet(FrameworkServlet.java:898) ~[spring-webmvc-5.3.20.jar:5.3.20]
	at javax.servlet.http.HttpServlet.service(HttpServlet.java:655) ~[tomcat-embed-core-9.0.63.jar:4.0.FR]
	at org.springframework.web.servlet.FrameworkServlet.service(FrameworkServlet.java:883) ~[spring-webmvc-5.3.20.jar:5.3.20]
	at javax.servlet.http.HttpServlet.service(HttpServlet.java:764) ~[tomcat-embed-core-9.0.63.jar:4.0.FR]
	at org.apache.catalina.core.ApplicationFilterChain.internalDoFilter(ApplicationFilterChain.java:227) ~[tomcat-embed-core-9.0.63.jar:9.0.63]
	at org.apache.catalina.core.ApplicationFilterChain.doFilter(ApplicationFilterChain.java:162) ~[tomcat-embed-core-9.0.63.jar:9.0.63]
	at org.apache.tomcat.websocket.server.WsFilter.doFilter(WsFilter.java:53) ~[tomcat-embed-websocket-9.0.63.jar:9.0.63]
	at org.apache.catalina.core.ApplicationFilterChain.internalDoFilter(ApplicationFilterChain.java:189) ~[tomcat-embed-core-9.0.63.jar:9.0.63]
	at org.apache.catalina.core.ApplicationFilterChain.doFilter(ApplicationFilterChain.java:162) ~[tomcat-embed-core-9.0.63.jar:9.0.63]
	at org.springframework.security.web.FilterChainProxy$VirtualFilterChain.doFilter(FilterChainProxy.java:327) ~[spring-security-web-5.6.5.jar:5.6.5]
	at org.springframework.security.web.access.intercept.FilterSecurityInterceptor.invoke(FilterSecurityInterceptor.java:115) ~[spring-security-web-5.6.5.jar:5.6.5]
	at org.springframework.security.web.access.intercept.FilterSecurityInterceptor.doFilter(FilterSecurityInterceptor.java:81) ~[spring-security-web-5.6.5.jar:5.6.5]
	at org.springframework.security.web.FilterChainProxy$VirtualFilterChain.doFilter(FilterChainProxy.java:336) ~[spring-security-web-5.6.5.jar:5.6.5]
	at org.springframework.security.web.access.ExceptionTranslationFilter.doFilter(ExceptionTranslationFilter.java:122) ~[spring-security-web-5.6.5.jar:5.6.5]
	at org.springframework.security.web.access.ExceptionTranslationFilter.doFilter(ExceptionTranslationFilter.java:116) ~[spring-security-web-5.6.5.jar:5.6.5]
	at org.springframework.security.web.FilterChainProxy$VirtualFilterChain.doFilter(FilterChainProxy.java:336) ~[spring-security-web-5.6.5.jar:5.6.5]
	at org.springframework.security.web.session.SessionManagementFilter.doFilter(SessionManagementFilter.java:126) ~[spring-security-web-5.6.5.jar:5.6.5]
	at org.springframework.security.web.session.SessionManagementFilter.doFilter(SessionManagementFilter.java:81) ~[spring-security-web-5.6.5.jar:5.6.5]
	at org.springframework.security.web.FilterChainProxy$VirtualFilterChain.doFilter(FilterChainProxy.java:336) ~[spring-security-web-5.6.5.jar:5.6.5]
	at org.springframework.security.web.authentication.AnonymousAuthenticationFilter.doFilter(AnonymousAuthenticationFilter.java:109) ~[spring-security-web-5.6.5.jar:5.6.5]
	at org.springframework.security.web.FilterChainProxy$VirtualFilterChain.doFilter(FilterChainProxy.java:336) ~[spring-security-web-5.6.5.jar:5.6.5]
	at org.springframework.security.web.servletapi.SecurityContextHolderAwareRequestFilter.doFilter(SecurityContextHolderAwareRequestFilter.java:149) ~[spring-security-web-5.6.5.jar:5.6.5]
	at org.springframework.security.web.FilterChainProxy$VirtualFilterChain.doFilter(FilterChainProxy.java:336) ~[spring-security-web-5.6.5.jar:5.6.5]
	at org.springframework.security.web.savedrequest.RequestCacheAwareFilter.doFilter(RequestCacheAwareFilter.java:63) ~[spring-security-web-5.6.5.jar:5.6.5]
	at org.springframework.security.web.FilterChainProxy$VirtualFilterChain.doFilter(FilterChainProxy.java:336) ~[spring-security-web-5.6.5.jar:5.6.5]
	at org.springframework.security.web.authentication.AbstractAuthenticationProcessingFilter.doFilter(AbstractAuthenticationProcessingFilter.java:219) ~[spring-security-web-5.6.5.jar:5.6.5]
	at org.springframework.security.web.authentication.AbstractAuthenticationProcessingFilter.doFilter(AbstractAuthenticationProcessingFilter.java:213) ~[spring-security-web-5.6.5.jar:5.6.5]
	at org.springframework.security.web.FilterChainProxy$VirtualFilterChain.doFilter(FilterChainProxy.java:336) ~[spring-security-web-5.6.5.jar:5.6.5]
	at org.springframework.security.web.authentication.logout.LogoutFilter.doFilter(LogoutFilter.java:103) ~[spring-security-web-5.6.5.jar:5.6.5]
	at org.springframework.security.web.authentication.logout.LogoutFilter.doFilter(LogoutFilter.java:89) ~[spring-security-web-5.6.5.jar:5.6.5]
	at org.springframework.security.web.FilterChainProxy$VirtualFilterChain.doFilter(FilterChainProxy.java:336) ~[spring-security-web-5.6.5.jar:5.6.5]
	at org.springframework.security.web.header.HeaderWriterFilter.doHeadersAfter(HeaderWriterFilter.java:90) ~[spring-security-web-5.6.5.jar:5.6.5]
	at org.springframework.security.web.header.HeaderWriterFilter.doFilterInternal(HeaderWriterFilter.java:75) ~[spring-security-web-5.6.5.jar:5.6.5]
	at org.springframework.web.filter.OncePerRequestFilter.doFilter(OncePerRequestFilter.java:117) ~[spring-web-5.3.20.jar:5.3.20]
	at org.springframework.security.web.FilterChainProxy$VirtualFilterChain.doFilter(FilterChainProxy.java:336) ~[spring-security-web-5.6.5.jar:5.6.5]
	at org.springframework.security.web.context.SecurityContextPersistenceFilter.doFilter(SecurityContextPersistenceFilter.java:110) ~[spring-security-web-5.6.5.jar:5.6.5]
	at org.springframework.security.web.context.SecurityContextPersistenceFilter.doFilter(SecurityContextPersistenceFilter.java:80) ~[spring-security-web-5.6.5.jar:5.6.5]
	at org.springframework.security.web.FilterChainProxy$VirtualFilterChain.doFilter(FilterChainProxy.java:336) ~[spring-security-web-5.6.5.jar:5.6.5]
	at org.springframework.security.web.context.request.async.WebAsyncManagerIntegrationFilter.doFilterInternal(WebAsyncManagerIntegrationFilter.java:55) ~[spring-security-web-5.6.5.jar:5.6.5]
	at org.springframework.web.filter.OncePerRequestFilter.doFilter(OncePerRequestFilter.java:117) ~[spring-web-5.3.20.jar:5.3.20]
	at org.springframework.security.web.FilterChainProxy$VirtualFilterChain.doFilter(FilterChainProxy.java:336) ~[spring-security-web-5.6.5.jar:5.6.5]
	at org.springframework.security.web.FilterChainProxy.doFilterInternal(FilterChainProxy.java:211) ~[spring-security-web-5.6.5.jar:5.6.5]
	at org.springframework.security.web.FilterChainProxy.doFilter(FilterChainProxy.java:183) ~[spring-security-web-5.6.5.jar:5.6.5]
	at org.springframework.web.filter.DelegatingFilterProxy.invokeDelegate(DelegatingFilterProxy.java:354) ~[spring-web-5.3.20.jar:5.3.20]
	at org.springframework.web.filter.DelegatingFilterProxy.doFilter(DelegatingFilterProxy.java:267) ~[spring-web-5.3.20.jar:5.3.20]
	at org.apache.catalina.core.ApplicationFilterChain.internalDoFilter(ApplicationFilterChain.java:189) ~[tomcat-embed-core-9.0.63.jar:9.0.63]
	at org.apache.catalina.core.ApplicationFilterChain.doFilter(ApplicationFilterChain.java:162) ~[tomcat-embed-core-9.0.63.jar:9.0.63]
	at org.springframework.web.filter.CharacterEncodingFilter.doFilterInternal(CharacterEncodingFilter.java:201) ~[spring-web-5.3.20.jar:5.3.20]
	at org.springframework.web.filter.OncePerRequestFilter.doFilter(OncePerRequestFilter.java:117) ~[spring-web-5.3.20.jar:5.3.20]
	at org.apache.catalina.core.ApplicationFilterChain.internalDoFilter(ApplicationFilterChain.java:189) ~[tomcat-embed-core-9.0.63.jar:9.0.63]
	at org.apache.catalina.core.ApplicationFilterChain.doFilter(ApplicationFilterChain.java:162) ~[tomcat-embed-core-9.0.63.jar:9.0.63]
	at org.apache.catalina.core.StandardWrapperValve.invoke(StandardWrapperValve.java:197) ~[tomcat-embed-core-9.0.63.jar:9.0.63]
	at org.apache.catalina.core.StandardContextValve.invoke(StandardContextValve.java:97) ~[tomcat-embed-core-9.0.63.jar:9.0.63]
	at org.apache.catalina.authenticator.AuthenticatorBase.invoke(AuthenticatorBase.java:541) ~[tomcat-embed-core-9.0.63.jar:9.0.63]
	at org.apache.catalina.core.StandardHostValve.invoke(StandardHostValve.java:135) ~[tomcat-embed-core-9.0.63.jar:9.0.63]
	at org.apache.catalina.valves.ErrorReportValve.invoke(ErrorReportValve.java:92) ~[tomcat-embed-core-9.0.63.jar:9.0.63]
	at org.apache.catalina.core.StandardEngineValve.invoke(StandardEngineValve.java:78) ~[tomcat-embed-core-9.0.63.jar:9.0.63]
	at org.apache.catalina.connector.CoyoteAdapter.service(CoyoteAdapter.java:360) ~[tomcat-embed-core-9.0.63.jar:9.0.63]
	at org.apache.coyote.http11.Http11Processor.service(Http11Processor.java:399) ~[tomcat-embed-core-9.0.63.jar:9.0.63]
	at org.apache.coyote.AbstractProcessorLight.process(AbstractProcessorLight.java:65) ~[tomcat-embed-core-9.0.63.jar:9.0.63]
	at org.apache.coyote.AbstractProtocol$ConnectionHandler.process(AbstractProtocol.java:890) ~[tomcat-embed-core-9.0.63.jar:9.0.63]
	at org.apache.tomcat.util.net.NioEndpoint$SocketProcessor.doRun(NioEndpoint.java:1743) ~[tomcat-embed-core-9.0.63.jar:9.0.63]
	at org.apache.tomcat.util.net.SocketProcessorBase.run(SocketProcessorBase.java:49) ~[tomcat-embed-core-9.0.63.jar:9.0.63]
	at org.apache.tomcat.util.threads.ThreadPoolExecutor.runWorker(ThreadPoolExecutor.java:1191) ~[tomcat-embed-core-9.0.63.jar:9.0.63]
	at org.apache.tomcat.util.threads.ThreadPoolExecutor$Worker.run(ThreadPoolExecutor.java:659) ~[tomcat-embed-core-9.0.63.jar:9.0.63]
	at org.apache.tomcat.util.threads.TaskThread$WrappingRunnable.run(TaskThread.java:61) ~[tomcat-embed-core-9.0.63.jar:9.0.63]
	at java.base/java.lang.Thread.run(Thread.java:842) ~[na:na]

2025-09-07 18:58:10.646  INFO 17120 --- [restartedMain] .d.s.w.r.o.CachingOperationNameGenerator : Generating unique operation named: showExpEntityUsingGET_1
2025-09-07 18:58:10.691  WARN 17120 --- [http-nio-8001-exec-3] o.s.web.servlet.PageNotFound             : No mapping for GET /.well-known/appspecific/com.chrome.devtools.json
2025-09-07 18:58:10.717  INFO 17120 --- [restartedMain] .d.s.w.r.o.CachingOperationNameGenerator : Generating unique operation named: getGtoeUsingGET_1
2025-09-07 18:58:10.727  INFO 17120 --- [restartedMain] com.newdmsp.demo.DemoApplication         : Started DemoApplication in 0.862 seconds (JVM running for 234.669)
2025-09-07 18:58:10.729  INFO 17120 --- [restartedMain] .ConditionEvaluationDeltaLoggingListener : Condition evaluation unchanged
2025-09-07 18:58:12.512  WARN 17120 --- [http-nio-8001-exec-2] o.s.web.servlet.PageNotFound             : No mapping for GET /.well-known/appspecific/com.chrome.devtools.json
2025-09-07 18:58:16.976  INFO 19516 --- [restartedMain] com.newdmsp.demo.DemoApplication         : Starting DemoApplication using Java 17.0.12 on DESKTOP-U0I2JQG with PID 19516 (E:\dmsp\Anewdemo\target\classes started by MR in E:\dmsp\Anewdemo)
2025-09-07 18:58:16.978  INFO 19516 --- [restartedMain] com.newdmsp.demo.DemoApplication         : The following 1 profile is active: "dev"
2025-09-07 18:58:17.011  INFO 19516 --- [restartedMain] .e.DevToolsPropertyDefaultsPostProcessor : Devtools property defaults active! Set 'spring.devtools.add-properties' to 'false' to disable
2025-09-07 18:58:17.011  INFO 19516 --- [restartedMain] .e.DevToolsPropertyDefaultsPostProcessor : For additional web related logging consider setting the 'logging.level.web' property to 'DEBUG'
2025-09-07 18:58:17.713  INFO 19516 --- [restartedMain] ptablePropertiesBeanFactoryPostProcessor : Post-processing PropertySource instances
2025-09-07 18:58:17.714  INFO 19516 --- [restartedMain] c.u.j.EncryptablePropertySourceConverter : Skipping PropertySource configurationProperties [class org.springframework.boot.context.properties.source.ConfigurationPropertySourcesPropertySource
2025-09-07 18:58:17.715  INFO 19516 --- [restartedMain] c.u.j.EncryptablePropertySourceConverter : Skipping PropertySource servletConfigInitParams [class org.springframework.core.env.PropertySource$StubPropertySource
2025-09-07 18:58:17.715  INFO 19516 --- [restartedMain] c.u.j.EncryptablePropertySourceConverter : Skipping PropertySource servletContextInitParams [class org.springframework.core.env.PropertySource$StubPropertySource
2025-09-07 18:58:17.715  INFO 19516 --- [restartedMain] c.u.j.EncryptablePropertySourceConverter : Converting PropertySource systemProperties [org.springframework.core.env.PropertiesPropertySource] to EncryptableMapPropertySourceWrapper
2025-09-07 18:58:17.716  INFO 19516 --- [restartedMain] c.u.j.EncryptablePropertySourceConverter : Converting PropertySource systemEnvironment [org.springframework.boot.env.SystemEnvironmentPropertySourceEnvironmentPostProcessor$OriginAwareSystemEnvironmentPropertySource] to EncryptableSystemEnvironmentPropertySourceWrapper
2025-09-07 18:58:17.716  INFO 19516 --- [restartedMain] c.u.j.EncryptablePropertySourceConverter : Converting PropertySource random [org.springframework.boot.env.RandomValuePropertySource] to EncryptablePropertySourceWrapper
2025-09-07 18:58:17.716  INFO 19516 --- [restartedMain] c.u.j.EncryptablePropertySourceConverter : Converting PropertySource Config resource 'class path resource [application-dev.yml]' via location 'optional:classpath:/' [org.springframework.boot.env.OriginTrackedMapPropertySource] to EncryptableMapPropertySourceWrapper
2025-09-07 18:58:17.716  INFO 19516 --- [restartedMain] c.u.j.EncryptablePropertySourceConverter : Converting PropertySource Config resource 'class path resource [application.yml]' via location 'optional:classpath:/' [org.springframework.boot.env.OriginTrackedMapPropertySource] to EncryptableMapPropertySourceWrapper
2025-09-07 18:58:17.716  INFO 19516 --- [restartedMain] c.u.j.EncryptablePropertySourceConverter : Converting PropertySource devtools [org.springframework.core.env.MapPropertySource] to EncryptableMapPropertySourceWrapper
2025-09-07 18:58:17.831  INFO 19516 --- [restartedMain] c.u.j.filter.DefaultLazyPropertyFilter   : Property Filter custom Bean not found with name 'encryptablePropertyFilter'. Initializing Default Property Filter
2025-09-07 18:58:17.837  INFO 19516 --- [restartedMain] c.u.j.r.DefaultLazyPropertyResolver      : Property Resolver custom Bean not found with name 'encryptablePropertyResolver'. Initializing Default Property Resolver
2025-09-07 18:58:17.839  INFO 19516 --- [restartedMain] c.u.j.d.DefaultLazyPropertyDetector      : Property Detector custom Bean not found with name 'encryptablePropertyDetector'. Initializing Default Property Detector
2025-09-07 18:58:17.993  INFO 19516 --- [restartedMain] o.s.b.w.embedded.tomcat.TomcatWebServer  : Tomcat initialized with port(s): 8001 (http)
2025-09-07 18:58:18.001  INFO 19516 --- [restartedMain] o.apache.catalina.core.StandardService   : Starting service [Tomcat]
2025-09-07 18:58:18.001  INFO 19516 --- [restartedMain] org.apache.catalina.core.StandardEngine  : Starting Servlet engine: [Apache Tomcat/9.0.63]
2025-09-07 18:58:18.050  INFO 19516 --- [restartedMain] o.a.c.c.C.[Tomcat].[localhost].[/]       : Initializing Spring embedded WebApplicationContext
2025-09-07 18:58:18.050  INFO 19516 --- [restartedMain] w.s.c.ServletWebServerApplicationContext : Root WebApplicationContext: initialization completed in 1038 ms
2025-09-07 18:58:18.164  INFO 19516 --- [restartedMain] c.u.j.encryptor.DefaultLazyEncryptor     : String Encryptor custom Bean not found with name 'jasyptStringEncryptor'. Initializing Default String Encryptor
2025-09-07 18:58:18.171  INFO 19516 --- [restartedMain] c.u.j.c.StringEncryptorBuilder           : Encryptor config not found for property jasypt.encryptor.key-obtention-iterations, using default value: 1000
2025-09-07 18:58:18.172  INFO 19516 --- [restartedMain] c.u.j.c.StringEncryptorBuilder           : Encryptor config not found for property jasypt.encryptor.pool-size, using default value: 1
2025-09-07 18:58:18.172  INFO 19516 --- [restartedMain] c.u.j.c.StringEncryptorBuilder           : Encryptor config not found for property jasypt.encryptor.provider-name, using default value: null
2025-09-07 18:58:18.172  INFO 19516 --- [restartedMain] c.u.j.c.StringEncryptorBuilder           : Encryptor config not found for property jasypt.encryptor.provider-class-name, using default value: null
2025-09-07 18:58:18.172  INFO 19516 --- [restartedMain] c.u.j.c.StringEncryptorBuilder           : Encryptor config not found for property jasypt.encryptor.salt-generator-classname, using default value: org.jasypt.salt.RandomSaltGenerator
2025-09-07 18:58:18.173  INFO 19516 --- [restartedMain] c.u.j.c.StringEncryptorBuilder           : Encryptor config not found for property jasypt.encryptor.iv-generator-classname, using default value: org.jasypt.iv.RandomIvGenerator
2025-09-07 18:58:18.173  INFO 19516 --- [restartedMain] c.u.j.c.StringEncryptorBuilder           : Encryptor config not found for property jasypt.encryptor.string-output-type, using default value: base64
2025-09-07 18:58:18.706  WARN 19516 --- [restartedMain] o.s.s.c.a.web.builders.WebSecurity       : You are asking Spring Security to ignore Ant [pattern='/static/**']. This is not recommended -- please use permitAll via HttpSecurity#authorizeHttpRequests instead.
2025-09-07 18:58:18.707  INFO 19516 --- [restartedMain] o.s.s.web.DefaultSecurityFilterChain     : Will not secure Ant [pattern='/static/**']
2025-09-07 18:58:18.707  WARN 19516 --- [restartedMain] o.s.s.c.a.web.builders.WebSecurity       : You are asking Spring Security to ignore Ant [pattern='/js/**']. This is not recommended -- please use permitAll via HttpSecurity#authorizeHttpRequests instead.
2025-09-07 18:58:18.707  INFO 19516 --- [restartedMain] o.s.s.web.DefaultSecurityFilterChain     : Will not secure Ant [pattern='/js/**']
2025-09-07 18:58:18.707  WARN 19516 --- [restartedMain] o.s.s.c.a.web.builders.WebSecurity       : You are asking Spring Security to ignore Ant [pattern='/images/**']. This is not recommended -- please use permitAll via HttpSecurity#authorizeHttpRequests instead.
2025-09-07 18:58:18.707  INFO 19516 --- [restartedMain] o.s.s.web.DefaultSecurityFilterChain     : Will not secure Ant [pattern='/images/**']
2025-09-07 18:58:18.707  WARN 19516 --- [restartedMain] o.s.s.c.a.web.builders.WebSecurity       : You are asking Spring Security to ignore Ant [pattern='/css/**']. This is not recommended -- please use permitAll via HttpSecurity#authorizeHttpRequests instead.
2025-09-07 18:58:18.707  INFO 19516 --- [restartedMain] o.s.s.web.DefaultSecurityFilterChain     : Will not secure Ant [pattern='/css/**']
2025-09-07 18:58:18.707  WARN 19516 --- [restartedMain] o.s.s.c.a.web.builders.WebSecurity       : You are asking Spring Security to ignore Ant [pattern='/lib/**']. This is not recommended -- please use permitAll via HttpSecurity#authorizeHttpRequests instead.
2025-09-07 18:58:18.707  INFO 19516 --- [restartedMain] o.s.s.web.DefaultSecurityFilterChain     : Will not secure Ant [pattern='/lib/**']
2025-09-07 18:58:18.707  WARN 19516 --- [restartedMain] o.s.s.c.a.web.builders.WebSecurity       : You are asking Spring Security to ignore Ant [pattern='/ace-builds-master/**']. This is not recommended -- please use permitAll via HttpSecurity#authorizeHttpRequests instead.
2025-09-07 18:58:18.708  INFO 19516 --- [restartedMain] o.s.s.web.DefaultSecurityFilterChain     : Will not secure Ant [pattern='/ace-builds-master/**']
2025-09-07 18:58:18.708  WARN 19516 --- [restartedMain] o.s.s.c.a.web.builders.WebSecurity       : You are asking Spring Security to ignore Ant [pattern='/fonts/**']. This is not recommended -- please use permitAll via HttpSecurity#authorizeHttpRequests instead.
2025-09-07 18:58:18.708  INFO 19516 --- [restartedMain] o.s.s.web.DefaultSecurityFilterChain     : Will not secure Ant [pattern='/fonts/**']
2025-09-07 18:58:18.708  WARN 19516 --- [restartedMain] o.s.s.c.a.web.builders.WebSecurity       : You are asking Spring Security to ignore Ant [pattern='/pictures/**']. This is not recommended -- please use permitAll via HttpSecurity#authorizeHttpRequests instead.
2025-09-07 18:58:18.708  INFO 19516 --- [restartedMain] o.s.s.web.DefaultSecurityFilterChain     : Will not secure Ant [pattern='/pictures/**']
2025-09-07 18:58:18.708  WARN 19516 --- [restartedMain] o.s.s.c.a.web.builders.WebSecurity       : You are asking Spring Security to ignore Ant [pattern='/resultPic/**']. This is not recommended -- please use permitAll via HttpSecurity#authorizeHttpRequests instead.
2025-09-07 18:58:18.708  INFO 19516 --- [restartedMain] o.s.s.web.DefaultSecurityFilterChain     : Will not secure Ant [pattern='/resultPic/**']
2025-09-07 18:58:18.733  INFO 19516 --- [restartedMain] o.s.s.web.DefaultSecurityFilterChain     : Will secure any request with [org.springframework.security.web.context.request.async.WebAsyncManagerIntegrationFilter@574ccb43, org.springframework.security.web.context.SecurityContextPersistenceFilter@120ec18e, org.springframework.security.web.header.HeaderWriterFilter@4812ff75, org.springframework.security.web.authentication.logout.LogoutFilter@d87f0eb, org.springframework.security.web.authentication.UsernamePasswordAuthenticationFilter@76e475fb, org.springframework.security.web.savedrequest.RequestCacheAwareFilter@7c0fb725, org.springframework.security.web.servletapi.SecurityContextHolderAwareRequestFilter@46104dc5, org.springframework.security.web.authentication.AnonymousAuthenticationFilter@28a0fd1a, org.springframework.security.web.session.SessionManagementFilter@7b98f3d6, org.springframework.security.web.access.ExceptionTranslationFilter@2659e00a, org.springframework.security.web.access.intercept.FilterSecurityInterceptor@1b8751dd]
2025-09-07 18:58:18.758  INFO 19516 --- [restartedMain] pertySourcedRequestMappingHandlerMapping : Mapped URL path [/v2/api-docs] onto method [springfox.documentation.swagger2.web.Swagger2Controller#getDocumentation(String, HttpServletRequest)]
2025-09-07 18:58:18.841  INFO 19516 --- [restartedMain] o.s.b.d.a.OptionalLiveReloadServer       : LiveReload server is running on port 35729
2025-09-07 18:58:19.110  INFO 19516 --- [restartedMain] o.s.b.w.embedded.tomcat.TomcatWebServer  : Tomcat started on port(s): 8001 (http) with context path ''
2025-09-07 18:58:19.111  INFO 19516 --- [restartedMain] u.j.c.RefreshScopeRefreshedEventListener : Refreshing cached encryptable property sources on ServletWebServerInitializedEvent
2025-09-07 18:58:19.111  INFO 19516 --- [restartedMain] CachingDelegateEncryptablePropertySource : Property Source systemProperties refreshed
2025-09-07 18:58:19.111  INFO 19516 --- [restartedMain] CachingDelegateEncryptablePropertySource : Property Source systemEnvironment refreshed
2025-09-07 18:58:19.111  INFO 19516 --- [restartedMain] CachingDelegateEncryptablePropertySource : Property Source random refreshed
2025-09-07 18:58:19.111  INFO 19516 --- [restartedMain] CachingDelegateEncryptablePropertySource : Property Source Config resource 'class path resource [application-dev.yml]' via location 'optional:classpath:/' refreshed
2025-09-07 18:58:19.111  INFO 19516 --- [restartedMain] CachingDelegateEncryptablePropertySource : Property Source Config resource 'class path resource [application.yml]' via location 'optional:classpath:/' refreshed
2025-09-07 18:58:19.111  INFO 19516 --- [restartedMain] CachingDelegateEncryptablePropertySource : Property Source devtools refreshed
2025-09-07 18:58:19.112  INFO 19516 --- [restartedMain] c.u.j.EncryptablePropertySourceConverter : Converting PropertySource server.ports [org.springframework.core.env.MapPropertySource] to EncryptableMapPropertySourceWrapper
2025-09-07 18:58:19.112  INFO 19516 --- [restartedMain] c.u.j.EncryptablePropertySourceConverter : Skipping PropertySource configurationProperties [class org.springframework.boot.context.properties.source.ConfigurationPropertySourcesPropertySource
2025-09-07 18:58:19.112  INFO 19516 --- [restartedMain] c.u.j.EncryptablePropertySourceConverter : Skipping PropertySource servletConfigInitParams [class org.springframework.core.env.PropertySource$StubPropertySource
2025-09-07 18:58:19.112  INFO 19516 --- [restartedMain] c.u.j.EncryptablePropertySourceConverter : Converting PropertySource servletContextInitParams [org.springframework.web.context.support.ServletContextPropertySource] to EncryptableEnumerablePropertySourceWrapper
2025-09-07 18:58:19.112  INFO 19516 --- [restartedMain] d.s.w.p.DocumentationPluginsBootstrapper : Context refreshed
2025-09-07 18:58:19.125  INFO 19516 --- [restartedMain] d.s.w.p.DocumentationPluginsBootstrapper : Found 1 custom documentation plugin(s)
2025-09-07 18:58:19.144  INFO 19516 --- [restartedMain] s.d.s.w.s.ApiListingReferenceScanner     : Scanning for api listing references
2025-09-07 18:58:19.269  INFO 19516 --- [restartedMain] .d.s.w.r.o.CachingOperationNameGenerator : Generating unique operation named: showExpEntityUsingGET_1
2025-09-07 18:58:19.341  INFO 19516 --- [restartedMain] .d.s.w.r.o.CachingOperationNameGenerator : Generating unique operation named: getGtoeUsingGET_1
2025-09-07 18:58:19.363  INFO 19516 --- [restartedMain] com.newdmsp.demo.DemoApplication         : Started DemoApplication in 2.713 seconds (JVM running for 3.389)
2025-09-07 18:58:24.089  INFO 19516 --- [http-nio-8001-exec-1] o.a.c.c.C.[Tomcat].[localhost].[/]       : Initializing Spring DispatcherServlet 'dispatcherServlet'
2025-09-07 18:58:24.089  INFO 19516 --- [http-nio-8001-exec-1] o.s.web.servlet.DispatcherServlet        : Initializing Servlet 'dispatcherServlet'
2025-09-07 18:58:24.090  INFO 19516 --- [http-nio-8001-exec-1] o.s.web.servlet.DispatcherServlet        : Completed initialization in 1 ms
2025-09-07 18:58:24.098  INFO 19516 --- [http-nio-8001-exec-1] c.n.d.s.user.CustomUserDetailsService    : stu1
2025-09-07 18:58:24.108  INFO 19516 --- [http-nio-8001-exec-1] com.zaxxer.hikari.HikariDataSource       : HikariPool-1 - Starting...
2025-09-07 18:58:24.300  INFO 19516 --- [http-nio-8001-exec-1] com.zaxxer.hikari.HikariDataSource       : HikariPool-1 - Start completed.
2025-09-07 18:58:24.328  INFO 19516 --- [http-nio-8001-exec-1] c.n.d.s.user.CustomPasswordEncoder       : h4jWAbHuePI3PHTy8l/k1Baeh9PPrFSiIZSvrfF8i59mpX7lQrq916D62UgOog03js+1FMugAYHT+4sShvcUhpy1P793b3IDA6kuBxcMAwo6urmU4GnaLQj2IhLDVX29Pqfs4nIajNEP6u61/hGTWs9BVk0vAMs9sVNa8jefXws=
2025-09-07 18:58:24.412  INFO 19516 --- [http-nio-8001-exec-1] d.s.u.CustomAuthenticationSuccessHandler : 登录成功
2025-09-07 18:58:25.653  WARN 19516 --- [http-nio-8001-exec-3] o.s.web.servlet.PageNotFound             : No mapping for GET /.well-known/appspecific/com.chrome.devtools.json
2025-09-07 19:02:27.026  INFO 19516 --- [SpringApplicationShutdownHook] com.zaxxer.hikari.HikariDataSource       : HikariPool-1 - Shutdown initiated...
2025-09-07 19:02:27.033  INFO 19516 --- [SpringApplicationShutdownHook] com.zaxxer.hikari.HikariDataSource       : HikariPool-1 - Shutdown completed.
2025-09-07 19:02:31.806  INFO 4204 --- [restartedMain] com.newdmsp.demo.DemoApplication         : Starting DemoApplication using Java 17.0.12 on DESKTOP-U0I2JQG with PID 4204 (E:\dmsp\Anewdemo\target\classes started by MR in E:\dmsp\Anewdemo)
2025-09-07 19:02:31.807  INFO 4204 --- [restartedMain] com.newdmsp.demo.DemoApplication         : The following 1 profile is active: "dev"
2025-09-07 19:02:31.843  INFO 4204 --- [restartedMain] .e.DevToolsPropertyDefaultsPostProcessor : Devtools property defaults active! Set 'spring.devtools.add-properties' to 'false' to disable
2025-09-07 19:02:31.844  INFO 4204 --- [restartedMain] .e.DevToolsPropertyDefaultsPostProcessor : For additional web related logging consider setting the 'logging.level.web' property to 'DEBUG'
2025-09-07 19:02:32.542  INFO 4204 --- [restartedMain] ptablePropertiesBeanFactoryPostProcessor : Post-processing PropertySource instances
2025-09-07 19:02:32.543  INFO 4204 --- [restartedMain] c.u.j.EncryptablePropertySourceConverter : Skipping PropertySource configurationProperties [class org.springframework.boot.context.properties.source.ConfigurationPropertySourcesPropertySource
2025-09-07 19:02:32.544  INFO 4204 --- [restartedMain] c.u.j.EncryptablePropertySourceConverter : Skipping PropertySource servletConfigInitParams [class org.springframework.core.env.PropertySource$StubPropertySource
2025-09-07 19:02:32.544  INFO 4204 --- [restartedMain] c.u.j.EncryptablePropertySourceConverter : Skipping PropertySource servletContextInitParams [class org.springframework.core.env.PropertySource$StubPropertySource
2025-09-07 19:02:32.544  INFO 4204 --- [restartedMain] c.u.j.EncryptablePropertySourceConverter : Converting PropertySource systemProperties [org.springframework.core.env.PropertiesPropertySource] to EncryptableMapPropertySourceWrapper
2025-09-07 19:02:32.544  INFO 4204 --- [restartedMain] c.u.j.EncryptablePropertySourceConverter : Converting PropertySource systemEnvironment [org.springframework.boot.env.SystemEnvironmentPropertySourceEnvironmentPostProcessor$OriginAwareSystemEnvironmentPropertySource] to EncryptableSystemEnvironmentPropertySourceWrapper
2025-09-07 19:02:32.545  INFO 4204 --- [restartedMain] c.u.j.EncryptablePropertySourceConverter : Converting PropertySource random [org.springframework.boot.env.RandomValuePropertySource] to EncryptablePropertySourceWrapper
2025-09-07 19:02:32.545  INFO 4204 --- [restartedMain] c.u.j.EncryptablePropertySourceConverter : Converting PropertySource Config resource 'class path resource [application-dev.yml]' via location 'optional:classpath:/' [org.springframework.boot.env.OriginTrackedMapPropertySource] to EncryptableMapPropertySourceWrapper
2025-09-07 19:02:32.545  INFO 4204 --- [restartedMain] c.u.j.EncryptablePropertySourceConverter : Converting PropertySource Config resource 'class path resource [application.yml]' via location 'optional:classpath:/' [org.springframework.boot.env.OriginTrackedMapPropertySource] to EncryptableMapPropertySourceWrapper
2025-09-07 19:02:32.545  INFO 4204 --- [restartedMain] c.u.j.EncryptablePropertySourceConverter : Converting PropertySource devtools [org.springframework.core.env.MapPropertySource] to EncryptableMapPropertySourceWrapper
2025-09-07 19:02:32.668  INFO 4204 --- [restartedMain] c.u.j.filter.DefaultLazyPropertyFilter   : Property Filter custom Bean not found with name 'encryptablePropertyFilter'. Initializing Default Property Filter
2025-09-07 19:02:32.675  INFO 4204 --- [restartedMain] c.u.j.r.DefaultLazyPropertyResolver      : Property Resolver custom Bean not found with name 'encryptablePropertyResolver'. Initializing Default Property Resolver
2025-09-07 19:02:32.676  INFO 4204 --- [restartedMain] c.u.j.d.DefaultLazyPropertyDetector      : Property Detector custom Bean not found with name 'encryptablePropertyDetector'. Initializing Default Property Detector
2025-09-07 19:02:32.839  INFO 4204 --- [restartedMain] o.s.b.w.embedded.tomcat.TomcatWebServer  : Tomcat initialized with port(s): 8001 (http)
2025-09-07 19:02:32.846  INFO 4204 --- [restartedMain] o.apache.catalina.core.StandardService   : Starting service [Tomcat]
2025-09-07 19:02:32.846  INFO 4204 --- [restartedMain] org.apache.catalina.core.StandardEngine  : Starting Servlet engine: [Apache Tomcat/9.0.63]
2025-09-07 19:02:32.897  INFO 4204 --- [restartedMain] o.a.c.c.C.[Tomcat].[localhost].[/]       : Initializing Spring embedded WebApplicationContext
2025-09-07 19:02:32.897  INFO 4204 --- [restartedMain] w.s.c.ServletWebServerApplicationContext : Root WebApplicationContext: initialization completed in 1053 ms
2025-09-07 19:02:33.016  INFO 4204 --- [restartedMain] c.u.j.encryptor.DefaultLazyEncryptor     : String Encryptor custom Bean not found with name 'jasyptStringEncryptor'. Initializing Default String Encryptor
2025-09-07 19:02:33.024  INFO 4204 --- [restartedMain] c.u.j.c.StringEncryptorBuilder           : Encryptor config not found for property jasypt.encryptor.key-obtention-iterations, using default value: 1000
2025-09-07 19:02:33.024  INFO 4204 --- [restartedMain] c.u.j.c.StringEncryptorBuilder           : Encryptor config not found for property jasypt.encryptor.pool-size, using default value: 1
2025-09-07 19:02:33.024  INFO 4204 --- [restartedMain] c.u.j.c.StringEncryptorBuilder           : Encryptor config not found for property jasypt.encryptor.provider-name, using default value: null
2025-09-07 19:02:33.025  INFO 4204 --- [restartedMain] c.u.j.c.StringEncryptorBuilder           : Encryptor config not found for property jasypt.encryptor.provider-class-name, using default value: null
2025-09-07 19:02:33.025  INFO 4204 --- [restartedMain] c.u.j.c.StringEncryptorBuilder           : Encryptor config not found for property jasypt.encryptor.salt-generator-classname, using default value: org.jasypt.salt.RandomSaltGenerator
2025-09-07 19:02:33.025  INFO 4204 --- [restartedMain] c.u.j.c.StringEncryptorBuilder           : Encryptor config not found for property jasypt.encryptor.iv-generator-classname, using default value: org.jasypt.iv.RandomIvGenerator
2025-09-07 19:02:33.026  INFO 4204 --- [restartedMain] c.u.j.c.StringEncryptorBuilder           : Encryptor config not found for property jasypt.encryptor.string-output-type, using default value: base64
2025-09-07 19:02:33.537  WARN 4204 --- [restartedMain] o.s.s.c.a.web.builders.WebSecurity       : You are asking Spring Security to ignore Ant [pattern='/static/**']. This is not recommended -- please use permitAll via HttpSecurity#authorizeHttpRequests instead.
2025-09-07 19:02:33.538  INFO 4204 --- [restartedMain] o.s.s.web.DefaultSecurityFilterChain     : Will not secure Ant [pattern='/static/**']
2025-09-07 19:02:33.539  WARN 4204 --- [restartedMain] o.s.s.c.a.web.builders.WebSecurity       : You are asking Spring Security to ignore Ant [pattern='/js/**']. This is not recommended -- please use permitAll via HttpSecurity#authorizeHttpRequests instead.
2025-09-07 19:02:33.539  INFO 4204 --- [restartedMain] o.s.s.web.DefaultSecurityFilterChain     : Will not secure Ant [pattern='/js/**']
2025-09-07 19:02:33.539  WARN 4204 --- [restartedMain] o.s.s.c.a.web.builders.WebSecurity       : You are asking Spring Security to ignore Ant [pattern='/images/**']. This is not recommended -- please use permitAll via HttpSecurity#authorizeHttpRequests instead.
2025-09-07 19:02:33.539  INFO 4204 --- [restartedMain] o.s.s.web.DefaultSecurityFilterChain     : Will not secure Ant [pattern='/images/**']
2025-09-07 19:02:33.539  WARN 4204 --- [restartedMain] o.s.s.c.a.web.builders.WebSecurity       : You are asking Spring Security to ignore Ant [pattern='/css/**']. This is not recommended -- please use permitAll via HttpSecurity#authorizeHttpRequests instead.
2025-09-07 19:02:33.539  INFO 4204 --- [restartedMain] o.s.s.web.DefaultSecurityFilterChain     : Will not secure Ant [pattern='/css/**']
2025-09-07 19:02:33.539  WARN 4204 --- [restartedMain] o.s.s.c.a.web.builders.WebSecurity       : You are asking Spring Security to ignore Ant [pattern='/lib/**']. This is not recommended -- please use permitAll via HttpSecurity#authorizeHttpRequests instead.
2025-09-07 19:02:33.539  INFO 4204 --- [restartedMain] o.s.s.web.DefaultSecurityFilterChain     : Will not secure Ant [pattern='/lib/**']
2025-09-07 19:02:33.539  WARN 4204 --- [restartedMain] o.s.s.c.a.web.builders.WebSecurity       : You are asking Spring Security to ignore Ant [pattern='/ace-builds-master/**']. This is not recommended -- please use permitAll via HttpSecurity#authorizeHttpRequests instead.
2025-09-07 19:02:33.539  INFO 4204 --- [restartedMain] o.s.s.web.DefaultSecurityFilterChain     : Will not secure Ant [pattern='/ace-builds-master/**']
2025-09-07 19:02:33.539  WARN 4204 --- [restartedMain] o.s.s.c.a.web.builders.WebSecurity       : You are asking Spring Security to ignore Ant [pattern='/fonts/**']. This is not recommended -- please use permitAll via HttpSecurity#authorizeHttpRequests instead.
2025-09-07 19:02:33.539  INFO 4204 --- [restartedMain] o.s.s.web.DefaultSecurityFilterChain     : Will not secure Ant [pattern='/fonts/**']
2025-09-07 19:02:33.539  WARN 4204 --- [restartedMain] o.s.s.c.a.web.builders.WebSecurity       : You are asking Spring Security to ignore Ant [pattern='/pictures/**']. This is not recommended -- please use permitAll via HttpSecurity#authorizeHttpRequests instead.
2025-09-07 19:02:33.539  INFO 4204 --- [restartedMain] o.s.s.web.DefaultSecurityFilterChain     : Will not secure Ant [pattern='/pictures/**']
2025-09-07 19:02:33.540  WARN 4204 --- [restartedMain] o.s.s.c.a.web.builders.WebSecurity       : You are asking Spring Security to ignore Ant [pattern='/resultPic/**']. This is not recommended -- please use permitAll via HttpSecurity#authorizeHttpRequests instead.
2025-09-07 19:02:33.540  INFO 4204 --- [restartedMain] o.s.s.web.DefaultSecurityFilterChain     : Will not secure Ant [pattern='/resultPic/**']
2025-09-07 19:02:33.569  INFO 4204 --- [restartedMain] o.s.s.web.DefaultSecurityFilterChain     : Will secure any request with [org.springframework.security.web.context.request.async.WebAsyncManagerIntegrationFilter@3d30d640, org.springframework.security.web.context.SecurityContextPersistenceFilter@78d7ad48, org.springframework.security.web.header.HeaderWriterFilter@7c0fb725, org.springframework.security.web.authentication.logout.LogoutFilter@5f2b2b23, org.springframework.security.web.authentication.UsernamePasswordAuthenticationFilter@220093d8, org.springframework.security.web.savedrequest.RequestCacheAwareFilter@298bea23, org.springframework.security.web.servletapi.SecurityContextHolderAwareRequestFilter@362ac42c, org.springframework.security.web.authentication.AnonymousAuthenticationFilter@e746d0, org.springframework.security.web.session.SessionManagementFilter@166f336f, org.springframework.security.web.access.ExceptionTranslationFilter@120ec18e, org.springframework.security.web.access.intercept.FilterSecurityInterceptor@69dece26]
2025-09-07 19:02:33.595  INFO 4204 --- [restartedMain] pertySourcedRequestMappingHandlerMapping : Mapped URL path [/v2/api-docs] onto method [springfox.documentation.swagger2.web.Swagger2Controller#getDocumentation(String, HttpServletRequest)]
2025-09-07 19:02:33.677  INFO 4204 --- [restartedMain] o.s.b.d.a.OptionalLiveReloadServer       : LiveReload server is running on port 35729
2025-09-07 19:02:33.949  INFO 4204 --- [restartedMain] o.s.b.w.embedded.tomcat.TomcatWebServer  : Tomcat started on port(s): 8001 (http) with context path ''
2025-09-07 19:02:33.949  INFO 4204 --- [restartedMain] u.j.c.RefreshScopeRefreshedEventListener : Refreshing cached encryptable property sources on ServletWebServerInitializedEvent
2025-09-07 19:02:33.949  INFO 4204 --- [restartedMain] CachingDelegateEncryptablePropertySource : Property Source systemProperties refreshed
2025-09-07 19:02:33.950  INFO 4204 --- [restartedMain] CachingDelegateEncryptablePropertySource : Property Source systemEnvironment refreshed
2025-09-07 19:02:33.950  INFO 4204 --- [restartedMain] CachingDelegateEncryptablePropertySource : Property Source random refreshed
2025-09-07 19:02:33.950  INFO 4204 --- [restartedMain] CachingDelegateEncryptablePropertySource : Property Source Config resource 'class path resource [application-dev.yml]' via location 'optional:classpath:/' refreshed
2025-09-07 19:02:33.950  INFO 4204 --- [restartedMain] CachingDelegateEncryptablePropertySource : Property Source Config resource 'class path resource [application.yml]' via location 'optional:classpath:/' refreshed
2025-09-07 19:02:33.950  INFO 4204 --- [restartedMain] CachingDelegateEncryptablePropertySource : Property Source devtools refreshed
2025-09-07 19:02:33.950  INFO 4204 --- [restartedMain] c.u.j.EncryptablePropertySourceConverter : Converting PropertySource server.ports [org.springframework.core.env.MapPropertySource] to EncryptableMapPropertySourceWrapper
2025-09-07 19:02:33.950  INFO 4204 --- [restartedMain] c.u.j.EncryptablePropertySourceConverter : Skipping PropertySource configurationProperties [class org.springframework.boot.context.properties.source.ConfigurationPropertySourcesPropertySource
2025-09-07 19:02:33.950  INFO 4204 --- [restartedMain] c.u.j.EncryptablePropertySourceConverter : Skipping PropertySource servletConfigInitParams [class org.springframework.core.env.PropertySource$StubPropertySource
2025-09-07 19:02:33.950  INFO 4204 --- [restartedMain] c.u.j.EncryptablePropertySourceConverter : Converting PropertySource servletContextInitParams [org.springframework.web.context.support.ServletContextPropertySource] to EncryptableEnumerablePropertySourceWrapper
2025-09-07 19:02:33.950  INFO 4204 --- [restartedMain] d.s.w.p.DocumentationPluginsBootstrapper : Context refreshed
2025-09-07 19:02:33.964  INFO 4204 --- [restartedMain] d.s.w.p.DocumentationPluginsBootstrapper : Found 1 custom documentation plugin(s)
2025-09-07 19:02:33.984  INFO 4204 --- [restartedMain] s.d.s.w.s.ApiListingReferenceScanner     : Scanning for api listing references
2025-09-07 19:02:34.107  INFO 4204 --- [restartedMain] .d.s.w.r.o.CachingOperationNameGenerator : Generating unique operation named: showExpEntityUsingGET_1
2025-09-07 19:02:34.182  INFO 4204 --- [restartedMain] .d.s.w.r.o.CachingOperationNameGenerator : Generating unique operation named: getGtoeUsingGET_1
2025-09-07 19:02:34.203  INFO 4204 --- [restartedMain] com.newdmsp.demo.DemoApplication         : Started DemoApplication in 2.678 seconds (JVM running for 3.379)
2025-09-07 19:02:37.974  INFO 4204 --- [http-nio-8001-exec-1] o.a.c.c.C.[Tomcat].[localhost].[/]       : Initializing Spring DispatcherServlet 'dispatcherServlet'
2025-09-07 19:02:37.974  INFO 4204 --- [http-nio-8001-exec-1] o.s.web.servlet.DispatcherServlet        : Initializing Servlet 'dispatcherServlet'
2025-09-07 19:02:37.975  INFO 4204 --- [http-nio-8001-exec-1] o.s.web.servlet.DispatcherServlet        : Completed initialization in 1 ms
2025-09-07 19:02:38.221  WARN 4204 --- [http-nio-8001-exec-2] o.s.web.servlet.PageNotFound             : No mapping for GET /.well-known/appspecific/com.chrome.devtools.json
2025-09-07 19:02:42.324  INFO 4204 --- [http-nio-8001-exec-8] c.n.d.s.user.CustomUserDetailsService    : stu1
2025-09-07 19:02:42.341  INFO 4204 --- [http-nio-8001-exec-8] com.zaxxer.hikari.HikariDataSource       : HikariPool-1 - Starting...
2025-09-07 19:02:42.577  INFO 4204 --- [http-nio-8001-exec-8] com.zaxxer.hikari.HikariDataSource       : HikariPool-1 - Start completed.
2025-09-07 19:02:42.605  INFO 4204 --- [http-nio-8001-exec-8] c.n.d.s.user.CustomPasswordEncoder       : UZT58/I5kmw16zB+LjdsaOc+m30ei769H2y61Org5SqTqE9JxAGbtkeZ+ADq4yqrvhnBQAUuqrYdYFsYU5iCwO6Z41NZiLKYG0em9BUFiV7kUNvEzBkI8hp0X54ofdbKUhOGnhweYNFJfuNZmIXW89mhTWV82EDPlTnatRk2Tw4=
2025-09-07 19:02:42.692  INFO 4204 --- [http-nio-8001-exec-8] d.s.u.CustomAuthenticationSuccessHandler : 登录成功
2025-09-07 19:02:43.761  WARN 4204 --- [http-nio-8001-exec-3] o.s.web.servlet.PageNotFound             : No mapping for GET /.well-known/appspecific/com.chrome.devtools.json
2025-09-07 19:03:25.324  INFO 4204 --- [http-nio-8001-exec-5] c.n.demo.controller.FileController       : E:/dmsp/Anewdemo/dataSets/titanic_train.csv
2025-09-07 19:03:25.485  INFO 4204 --- [http-nio-8001-exec-7] c.n.demo.controller.FileController       : E:/dmsp/Anewdemo/dataSets/tips.csv
2025-09-07 19:03:25.762  INFO 4204 --- [http-nio-8001-exec-5] c.n.demo.controller.FileController       : E:/dmsp/Anewdemo/dataSets/iris.csv
2025-09-07 19:03:28.884  INFO 4204 --- [http-nio-8001-exec-5] c.n.demo.controller.FileController       : E:/dmsp/Anewdemo/dataSets/titanic_train.csv
2025-09-07 19:03:28.888  INFO 4204 --- [http-nio-8001-exec-9] c.n.demo.controller.FileController       : E:/dmsp/Anewdemo/dataSets/tips.csv
2025-09-07 19:03:28.902  INFO 4204 --- [http-nio-8001-exec-6] c.n.demo.controller.FileController       : E:/dmsp/Anewdemo/dataSets/iris.csv
2025-09-07 19:03:32.233  WARN 4204 --- [http-nio-8001-exec-1] o.s.web.servlet.PageNotFound             : No mapping for GET /favicon.ico
2025-09-07 19:06:14.308  INFO 4204 --- [http-nio-8001-exec-10] c.n.demo.controller.FileController       : E:/dmsp/Anewdemo/stuRecord/三年1班_数据获取/stu1_0.csv
2025-09-07 19:11:26.107  WARN 4204 --- [http-nio-8001-exec-10] o.s.web.servlet.PageNotFound             : No mapping for GET /.well-known/appspecific/com.chrome.devtools.json
2025-09-07 19:11:30.112  INFO 4204 --- [http-nio-8001-exec-8] c.n.d.s.user.CustomUserDetailsService    : stu1
2025-09-07 19:11:30.115  INFO 4204 --- [http-nio-8001-exec-8] c.n.d.s.user.CustomPasswordEncoder       : n78kfJOPcThJ84QzaWkmfsWCzuUnBxrb0rORXHe83xZ7jIAFaNGyGxGXQ2cOw5sU4LX81i7CPEZT2eWFdqhIPLwnKbm64/OaImf5KZwus2A7fEZe0FoTYJutpCpjTrdSa9iKdiQeBv6CWpKd+eXUZEjTLxg6QuDl44yYc226zqI=
2025-09-07 19:11:30.117  INFO 4204 --- [http-nio-8001-exec-8] d.s.u.CustomAuthenticationSuccessHandler : 登录成功
2025-09-07 19:11:31.157  WARN 4204 --- [http-nio-8001-exec-3] o.s.web.servlet.PageNotFound             : No mapping for GET /.well-known/appspecific/com.chrome.devtools.json
2025-09-07 19:12:07.829  WARN 4204 --- [http-nio-8001-exec-5] o.s.web.servlet.PageNotFound             : No mapping for GET /.well-known/appspecific/com.chrome.devtools.json
2025-09-07 19:14:03.517  WARN 4204 --- [http-nio-8001-exec-4] o.s.web.servlet.PageNotFound             : No mapping for GET /.well-known/appspecific/com.chrome.devtools.json
2025-09-07 19:14:55.581  WARN 4204 --- [http-nio-8001-exec-4] o.s.web.servlet.PageNotFound             : No mapping for GET /.well-known/appspecific/com.chrome.devtools.json
2025-09-07 19:33:45.241  INFO 4204 --- [SpringApplicationShutdownHook] com.zaxxer.hikari.HikariDataSource       : HikariPool-1 - Shutdown initiated...
2025-09-07 19:33:45.247  INFO 4204 --- [SpringApplicationShutdownHook] com.zaxxer.hikari.HikariDataSource       : HikariPool-1 - Shutdown completed.
